u_idx,g_idx,rate
0,0,1
0,56,1
0,13,1
0,6,1
0,9,1
0,4,1
0,16,1
0,67,1
0,25,0
0,70,0
1,0,1
1,8,1
1,35,1
1,38,1
1,2,1
1,4,1
1,1,1
1,46,1
1,32,1
1,5,1
2,14,1
2,76,1
2,60,1
2,75,1
2,79,1
2,7,1
2,27,1
2,70,1
2,15,1
2,115,0
3,0,1
3,6,1
3,16,1
3,2,1
3,4,1
3,23,1
3,8,1
3,52,1
3,1,1
3,81,1
3,25,0
4,40,1
4,23,1
4,5,1
4,6,1
4,46,1
4,72,1
4,55,1
4,25,0
4,4,0
5,0,1
5,104,1
5,23,1
5,8,1
5,5,1
5,13,1
5,4,1
5,26,1
5,1,1
5,61,0
6,20,1
6,13,1
6,22,1
6,2,1
6,4,1
6,139,1
6,40,1
6,104,1
6,19,1
6,62,1
6,41,1
6,0,1
6,49,1
6,84,1
6,8,1
6,9,1
6,103,1
6,138,1
6,29,1
6,46,1
6,15,1
6,28,0
6,91,0
6,101,0
6,99,0
6,119,0
6,55,0
6,48,0
6,10,0
6,51,0
6,18,0
6,109,0
6,88,0
6,53,0
6,129,0
6,125,0
6,16,0
7,48,1
7,71,1
7,0,1
7,104,1
7,23,1
7,8,1
7,50,1
7,6,1
7,4,1
7,1,1
7,80,1
8,23,1
8,8,1
8,52,1
8,6,1
8,2,1
8,4,1
8,1,1
8,46,1
8,73,1
8,5,1
9,40,1
9,6,1
9,1,1
9,60,1
9,5,1
10,20,1
10,13,1
10,6,1
10,22,1
10,14,1
10,4,1
10,26,1
10,17,1
10,11,1
10,58,1
10,38,1
10,41,1
10,1,1
10,5,1
10,0,1
10,30,1
10,49,1
10,35,1
10,34,1
10,73,1
10,31,1
10,48,1
10,8,1
10,70,1
10,93,1
10,29,1
10,46,1
10,16,1
10,60,0
10,40,0
10,104,0
10,53,0
10,32,0
10,64,0
10,23,0
11,48,1
11,40,1
11,0,1
11,23,1
11,6,1
11,32,1
11,2,1
11,25,1
11,4,1
11,1,1
11,60,1
11,5,1
12,0,1
12,5,1
12,25,1
12,4,1
12,1,1
12,53,0
12,13,0
12,23,0
13,0,1
13,23,1
13,1,1
13,5,1
14,0,1
14,6,1
14,22,1
14,2,1
14,4,1
14,23,1
14,8,1
14,52,1
14,38,1
14,1,1
14,46,1
14,5,1
14,17,0
14,25,0
14,37,0
14,76,0
14,11,0
15,8,1
15,38,1
15,2,1
15,25,1
15,4,1
15,1,1
15,5,1
15,55,1
15,22,0
15,103,0
15,20,0
15,72,0
15,13,0
16,6,1
16,25,1
16,4,1
16,60,1
16,37,1
16,11,1
16,53,1
16,1,1
16,32,1
16,5,1
16,28,1
16,42,1
16,23,1
16,8,1
16,9,1
16,46,1
16,16,1
17,0,1
17,6,1
17,59,1
17,25,1
17,26,1
17,55,1
17,48,1
17,23,1
17,8,1
17,11,1
17,1,1
17,32,1
17,5,1
17,67,0
18,49,1
18,8,1
18,18,1
18,93,1
18,32,1
18,5,1
18,10,0
18,23,0
18,42,0
18,2,0
18,25,0
18,1,0
18,46,0
18,60,0
18,16,0
18,55,0
19,40,1
19,23,1
19,8,1
19,52,1
19,6,1
19,2,1
19,32,1
19,5,1
20,6,1
20,59,1
20,22,1
20,14,1
20,2,1
20,25,1
20,4,1
20,60,1
20,10,1
20,17,1
20,89,1
20,11,1
20,1,1
20,45,1
20,5,1
20,0,1
20,23,1
20,8,1
20,93,1
20,16,1
20,46,0
20,55,0
21,20,1
21,13,1
21,6,1
21,2,1
21,25,1
21,4,1
21,26,1
21,12,1
21,37,1
21,11,1
21,1,1
21,32,1
21,5,1
21,0,1
21,49,1
21,35,1
21,34,1
21,107,1
21,56,1
21,23,1
21,8,1
21,88,1
21,74,1
21,46,1
21,97,1
21,16,1
21,138,0
22,23,1
22,8,1
22,34,1
22,25,1
22,5,1
22,98,0
22,72,0
23,13,1
23,6,1
23,35,1
23,22,1
23,14,1
23,4,1
23,12,1
23,17,1
23,5,1
23,58,1
23,38,1
23,1,1
23,36,1
23,16,1
23,32,1
23,42,0
23,93,0
23,65,0
23,46,0
23,97,0
23,55,0
24,20,1
24,6,1
24,22,1
24,2,1
24,14,1
24,4,1
24,10,1
24,17,1
24,37,1
24,104,1
24,58,1
24,52,1
24,19,1
24,62,1
24,38,1
24,1,1
24,36,1
24,32,1
24,67,1
24,5,1
24,100,1
24,0,1
24,30,1
24,35,1
24,48,1
24,71,1
24,8,1
24,18,1
24,46,1
24,16,1
24,49,0
24,13,0
24,34,0
24,25,0
24,26,0
24,55,0
24,40,0
24,51,0
24,11,0
24,109,0
24,27,0
24,86,0
24,118,0
25,12,1
25,23,1
25,30,1
25,32,1
25,2,1
25,48,0
25,0,0
25,44,0
25,1,0
25,46,0
25,16,0
25,52,0
25,6,0
26,25,1
26,55,1
26,12,1
26,10,1
26,17,1
26,52,1
26,53,1
26,36,1
26,49,1
26,84,1
26,42,1
26,73,1
26,71,1
26,56,1
26,8,1
26,18,1
26,109,1
26,27,1
26,117,1
26,81,1
26,97,1
26,16,1
26,13,1
26,6,1
26,22,1
26,2,1
26,26,1
26,60,1
26,37,1
26,38,1
26,1,1
26,32,1
26,5,1
26,68,1
26,64,1
26,0,1
26,35,1
26,34,1
26,48,1
26,23,1
26,21,1
26,103,1
26,138,1
26,29,1
26,46,1
26,132,0
26,4,0
26,85,0
26,78,0
26,70,0
27,23,1
27,8,1
27,6,1
27,25,1
27,1,1
27,5,1
27,48,0
28,0,1
28,30,1
28,6,1
28,35,1
28,2,1
28,25,1
28,4,1
28,48,1
28,23,1
28,8,1
28,38,1
28,9,1
28,1,1
28,16,1
28,32,1
28,5,1
28,40,0
28,22,0
28,42,0
28,53,0
29,28,1
29,35,1
29,8,0
29,32,0
29,5,0
30,23,1
30,35,1
30,59,1
30,2,1
30,4,1
30,1,1
30,46,1
31,0,1
31,6,1
31,13,1
31,131,1
31,35,1
31,2,1
31,25,1
31,4,1
31,55,1
31,104,1
31,38,1
31,88,1
31,103,1
31,44,1
31,5,1
31,101,0
31,1,0
31,46,0
31,130,0
32,5,1
32,6,1
32,2,1
32,1,1
32,0,0
32,23,0
32,8,0
33,132,1
33,20,1
33,50,1
33,2,1
33,22,1
33,26,1
33,60,1
33,10,1
33,12,1
33,17,1
33,37,1
33,104,1
33,53,1
33,1,1
33,45,1
33,32,1
33,5,1
33,28,1
33,0,1
33,120,1
33,30,1
33,91,1
33,42,1
33,71,1
33,56,1
33,23,1
33,8,1
33,109,1
33,27,1
33,74,1
33,117,1
33,88,0
33,103,0
33,46,0
33,49,0
33,114,0
33,64,0
33,13,0
34,6,1
34,59,1
34,4,1
34,94,1
34,12,1
34,17,1
34,40,1
34,51,1
34,11,1
34,38,1
34,1,1
34,32,1
34,5,1
34,0,1
34,30,1
34,99,1
34,8,1
34,69,1
34,29,1
34,46,1
34,16,1
34,49,0
34,13,0
34,34,0
34,25,0
34,10,0
34,61,0
34,23,0
34,21,0
34,103,0
35,31,1
35,0,1
35,23,1
35,6,1
35,2,1
35,25,1
35,1,1
35,46,1
35,67,0
36,31,1
36,37,1
36,0,1
36,23,1
36,8,1
36,2,1
36,4,1
36,1,1
36,46,1
36,5,1
37,2,1
37,4,1
37,1,1
37,67,1
37,0,0
37,46,0
38,91,1
38,22,1
38,4,1
38,32,1
38,30,0
38,46,0
38,0,0
38,16,0
38,26,0
38,104,0
38,35,0
39,0,1
39,49,1
39,6,1
39,22,1
39,2,1
39,4,1
39,12,1
39,40,1
39,17,1
39,23,1
39,8,1
39,11,1
39,18,1
39,38,1
39,9,1
39,1,1
39,5,1
39,37,0
39,79,0
39,52,0
39,16,0
40,13,1
40,6,1
40,2,1
40,25,1
40,4,1
40,26,1
40,114,1
40,55,1
40,104,1
40,11,1
40,52,1
40,53,1
40,32,1
40,5,1
40,0,1
40,107,1
40,23,1
40,8,1
40,103,1
40,16,1
40,49,0
40,42,0
40,65,0
40,38,0
40,1,0
40,46,0
41,25,1
41,23,1
41,109,1
41,62,1
41,32,1
41,64,1
41,7,0
41,10,0
41,40,0
41,56,0
41,21,0
41,13,0
41,88,0
41,87,0
41,103,0
41,101,0
41,108,0
41,122,0
41,5,0
41,55,0
42,100,1
42,0,1
42,23,1
42,5,1
42,8,1
42,109,1
42,107,1
42,1,1
42,60,1
43,23,1
43,20,1
43,25,1
43,4,1
43,93,1
43,1,1
43,5,1
43,2,0
44,13,1
44,14,1
44,139,1
44,4,1
44,39,1
44,10,1
44,17,1
44,11,1
44,62,1
44,32,1
44,5,1
44,28,1
44,33,1
44,73,1
44,7,1
44,23,1
44,8,1
44,18,1
44,109,1
44,138,1
44,16,1
44,15,1
44,20,0
44,50,0
44,131,0
44,59,0
44,25,0
44,101,0
44,119,0
44,55,0
44,136,0
44,51,0
44,37,0
44,78,0
44,53,0
44,41,0
44,1,0
44,86,0
44,64,0
44,67,0
44,120,0
44,91,0
44,79,0
44,99,0
44,111,0
44,31,0
44,71,0
44,85,0
44,56,0
44,69,0
44,74,0
44,117,0
44,97,0
44,130,0
45,8,1
45,20,1
45,25,1
45,4,1
45,46,1
45,6,0
46,0,1
46,30,1
46,6,1
46,35,1
46,2,1
46,34,1
46,25,1
46,4,1
46,39,1
46,48,1
46,23,1
46,8,1
46,58,1
46,109,1
46,62,1
46,36,1
46,16,1
46,32,1
46,5,1
46,12,0
46,37,0
46,11,0
47,0,1
47,23,1
47,5,1
47,11,1
47,25,1
47,93,1
47,55,1
47,46,0
47,37,0
47,1,0
48,40,1
48,0,1
48,38,1
48,2,1
48,4,1
48,46,1
48,16,1
48,5,1
49,23,1
49,38,1
49,2,1
49,1,1
49,46,1
49,60,1
49,5,1
49,22,0
49,51,0
49,44,0
49,8,0
50,23,1
50,30,1
50,8,1
50,84,1
50,4,1
50,1,1
50,60,1
50,32,1
50,5,1
50,46,0
50,68,0
51,40,1
51,0,1
51,23,1
51,8,1
51,2,1
51,65,1
51,1,1
51,5,1
51,4,0
51,84,0
52,13,1
52,2,1
52,25,1
52,4,1
52,26,1
52,55,1
52,12,1
52,17,1
52,37,1
52,98,1
52,1,1
52,5,1
52,0,1
52,49,1
52,91,1
52,35,1
52,8,1
52,20,0
52,6,0
52,131,0
52,22,0
52,76,0
52,10,0
52,40,0
52,51,0
52,78,0
52,11,0
52,52,0
52,38,0
52,53,0
52,44,0
52,41,0
52,32,0
52,67,0
52,34,0
52,48,0
52,56,0
52,23,0
52,88,0
52,46,0
52,16,0
53,0,1
53,23,1
53,8,1
53,4,1
53,1,1
53,105,0
53,5,0
54,0,1
54,16,1
54,35,1
54,2,1
54,34,1
54,25,1
54,4,1
54,67,1
54,40,1
54,23,1
54,8,1
54,62,1
54,1,1
54,46,1
54,32,1
54,5,1
54,13,0
55,20,1
55,13,1
55,6,1
55,22,1
55,2,1
55,25,1
55,4,1
55,26,1
55,119,1
55,39,1
55,12,1
55,10,1
55,37,1
55,78,1
55,58,1
55,11,1
55,62,1
55,53,1
55,1,1
55,36,1
55,64,1
55,32,1
55,5,1
55,28,1
55,0,1
55,43,1
55,30,1
55,49,1
55,35,1
55,42,1
55,111,1
55,31,1
55,71,1
55,56,1
55,23,1
55,8,1
55,103,1
55,74,1
55,138,1
55,129,1
55,46,1
55,16,1
55,38,0
55,100,0
55,118,0
56,0,1
56,23,1
56,5,1
56,25,1
56,4,1
56,103,1
56,1,1
56,55,1
56,88,0
56,13,0
57,100,1
57,8,1
57,109,1
57,6,1
57,2,1
57,4,1
57,1,1
57,46,1
57,5,1
58,0,1
58,49,1
58,6,1
58,2,1
58,25,1
58,4,1
58,55,1
58,37,1
58,23,1
58,8,1
58,11,1
58,52,1
58,1,1
58,16,1
58,5,1
58,31,0
58,17,0
58,46,0
59,37,1
59,8,1
59,6,1
59,2,1
59,4,1
59,1,1
59,46,1
59,5,1
60,132,1
60,13,1
60,6,1
60,22,1
60,2,1
60,25,1
60,4,1
60,60,1
60,55,1
60,10,1
60,17,1
60,62,1
60,53,1
60,44,1
60,1,1
60,32,1
60,5,1
60,100,1
60,106,1
60,0,1
60,30,1
60,35,1
60,34,1
60,48,1
60,23,1
60,8,1
60,109,1
60,117,1
60,16,1
60,49,0
61,25,1
61,23,1
61,1,1
61,0,0
61,6,0
61,2,0
61,4,0
61,103,0
61,5,0
62,0,1
62,50,1
62,35,1
62,2,1
62,25,1
62,4,1
62,60,1
62,71,1
62,23,1
62,8,1
62,11,1
62,104,1
62,109,1
62,5,1
62,95,1
62,37,0
62,91,0
62,53,0
62,46,0
63,0,1
63,23,1
63,25,1
63,4,1
63,1,1
63,5,1
64,0,1
64,13,1
64,35,1
64,23,1
64,8,1
64,32,1
64,5,1
64,27,0
64,25,0
64,1,0
64,67,0
65,0,1
65,23,1
65,67,1
65,6,1
65,38,1
65,4,1
65,29,1
65,1,1
65,46,1
65,5,1
65,64,0
66,28,1
66,2,1
66,53,1
66,1,1
66,17,0
66,4,0
66,23,0
66,8,0
66,46,0
66,75,0
66,5,0
66,62,0
67,0,1
67,30,1
67,20,1
67,13,1
67,6,1
67,2,1
67,25,1
67,4,1
67,60,1
67,73,1
67,48,1
67,17,1
67,23,1
67,8,1
67,1,1
67,16,1
67,32,1
67,5,1
68,0,1
68,23,1
68,30,1
68,6,1
68,2,1
68,46,1
68,5,1
68,55,1
68,59,0
68,121,0
68,25,0
68,1,0
69,13,1
69,6,1
69,16,1
69,2,1
69,22,1
69,4,1
69,26,1
69,114,1
69,55,1
69,12,1
69,17,1
69,37,1
69,11,1
69,52,1
69,53,1
69,1,1
69,64,1
69,32,1
69,5,1
69,0,1
69,35,1
69,34,1
69,107,1
69,73,1
69,61,1
69,23,1
69,8,1
69,29,1
69,93,1
69,59,0
69,25,0
69,10,0
69,51,0
69,49,0
69,75,0
69,31,0
69,48,0
69,46,0
70,0,1
70,23,1
70,8,1
70,30,1
70,20,1
70,22,1
70,38,1
70,4,1
70,32,1
71,23,1
71,22,1
71,4,1
71,1,1
71,60,1
71,15,1
71,5,1
72,23,1
72,8,1
72,6,1
72,2,1
72,4,1
72,1,1
72,5,1
72,67,0
73,12,1
73,40,1
73,0,1
73,23,1
73,13,1
73,9,1
73,4,1
73,5,1
73,1,0
74,0,1
74,75,1
74,6,1
74,35,1
74,2,1
74,4,1
74,107,1
74,48,1
74,10,1
74,23,1
74,8,1
74,11,1
74,38,1
74,138,1
74,1,1
74,46,1
74,5,1
74,25,0
74,103,0
74,37,0
74,58,0
74,49,0
74,13,0
75,6,1
75,42,1
75,25,1
75,26,1
75,55,1
75,12,1
75,23,1
75,8,1
75,11,1
75,1,1
75,5,1
75,37,0
75,38,0
75,4,0
75,114,0
75,73,0
75,16,0
76,2,1
76,25,1
76,4,1
76,55,1
76,12,1
76,110,1
76,37,1
76,53,1
76,1,1
76,64,1
76,32,1
76,49,1
76,35,1
76,73,1
76,48,1
76,56,1
76,23,1
76,74,1
76,93,1
76,72,1
76,16,1
76,10,0
76,0,0
76,78,0
76,30,0
76,11,0
76,109,0
76,69,0
76,13,0
76,6,0
76,5,0
77,107,1
77,5,1
77,8,1
77,37,0
77,23,0
77,13,0
77,25,0
77,55,0
78,20,1
78,50,1
78,6,1
78,123,1
78,22,1
78,14,1
78,2,1
78,25,1
78,4,1
78,26,1
78,60,1
78,77,1
78,12,1
78,17,1
78,104,1
78,11,1
78,62,1
78,53,1
78,1,1
78,32,1
78,5,1
78,67,1
78,100,1
78,0,1
78,35,1
78,34,1
78,65,1
78,111,1
78,31,1
78,71,1
78,23,1
78,8,1
78,74,1
78,117,1
78,49,0
78,55,0
78,48,0
78,40,0
78,3,0
78,46,0
79,0,1
79,8,1
79,52,1
79,6,1
79,5,1
79,37,0
80,0,1
80,49,1
80,13,1
80,35,1
80,2,1
80,32,1
80,4,1
80,12,1
80,17,1
80,37,1
80,104,1
80,8,1
80,11,1
80,52,1
80,38,1
80,29,1
80,1,1
80,16,1
80,64,1
80,20,0
80,75,0
80,42,0
80,10,0
80,21,0
80,41,0
81,0,1
81,5,1
81,8,1
81,1,1
81,25,0
81,72,0
81,55,0
82,0,1
82,23,1
82,50,1
82,62,1
82,2,1
82,53,1
82,4,1
82,1,1
82,46,1
82,32,1
82,6,0
83,27,1
83,6,1
83,35,1
83,25,1
83,53,1
83,1,1
83,5,1
84,0,1
84,23,1
84,8,1
84,13,1
84,2,1
84,25,1
84,4,1
84,5,1
84,55,1
85,56,1
85,5,1
85,8,1
85,6,1
85,2,1
85,124,1
85,9,1
85,1,1
85,46,1
85,13,0
86,0,1
86,20,1
86,6,1
86,35,1
86,2,1
86,34,1
86,4,1
86,114,1
86,12,1
86,23,1
86,8,1
86,27,1
86,1,1
86,46,1
86,36,1
86,16,1
86,5,1
86,31,0
86,10,0
86,58,0
86,25,0
86,73,0
86,55,0
87,0,1
87,23,1
87,8,1
87,13,1
87,6,1
87,2,1
87,25,1
87,4,1
87,46,1
87,5,1
87,101,0
87,93,0
87,1,0
88,31,1
88,43,1
88,8,1
88,30,1
88,11,1
88,62,1
88,2,1
88,5,1
89,20,1
89,13,1
89,6,1
89,22,1
89,25,1
89,4,1
89,26,1
89,101,1
89,55,1
89,12,1
89,17,1
89,37,1
89,58,1
89,11,1
89,52,1
89,62,1
89,38,1
89,53,1
89,36,1
89,32,1
89,5,1
89,30,1
89,49,1
89,35,1
89,107,1
89,73,1
89,23,1
89,8,1
89,18,1
89,16,1
89,88,0
89,1,0
90,0,1
90,8,1
90,6,1
90,2,1
90,4,1
90,1,1
90,5,1
90,25,0
90,40,0
90,23,0
91,0,1
91,13,1
91,6,1
91,35,1
91,48,1
91,10,1
91,5,1
91,8,1
91,88,1
91,1,1
91,67,1
91,106,0
91,23,0
91,27,0
91,32,0
91,62,0
91,25,0
91,64,0
91,55,0
92,23,1
92,5,1
92,8,1
92,52,1
92,16,1
92,32,1
92,42,1
92,4,1
92,1,1
93,0,1
93,13,1
93,6,1
93,59,1
93,2,1
93,139,1
93,23,1
93,8,1
93,1,1
93,5,1
93,25,0
93,72,0
93,55,0
94,0,1
94,23,1
94,8,1
94,22,1
94,4,1
94,1,1
94,46,1
94,5,1
94,67,0
94,133,0
94,92,0
95,0,1
95,13,1
95,6,1
95,2,1
95,34,1
95,4,1
95,107,1
95,23,1
95,8,1
95,1,1
95,16,1
95,5,1
95,121,0
95,25,0
95,55,0
96,0,1
96,30,1
96,6,1
96,22,1
96,2,1
96,42,1
96,4,1
96,85,1
96,104,1
96,23,1
96,8,1
96,62,1
96,1,1
96,46,1
96,16,1
96,5,1
96,10,0
96,37,0
96,26,0
96,32,0
97,2,1
97,37,1
97,5,1
97,23,1
97,8,1
97,52,1
97,1,1
97,16,1
97,67,1
98,0,1
98,2,1
98,38,1
98,4,1
98,1,1
98,5,1
98,40,0
98,13,0
99,4,1
99,101,1
99,94,1
99,10,1
99,17,1
99,51,1
99,52,1
99,53,1
99,45,1
99,33,1
99,73,1
99,7,1
99,8,1
99,109,1
99,9,1
99,81,1
99,16,1
99,13,1
99,22,1
99,2,1
99,60,1
99,1,1
99,5,1
99,106,1
99,35,1
99,34,1
99,48,1
99,23,1
99,21,1
99,88,1
99,46,1
99,132,0
99,20,0
99,131,0
99,25,0
99,114,0
99,55,0
99,12,0
99,58,0
99,36,0
99,56,0
99,97,0
99,26,0
99,37,0
99,64,0
99,32,0
99,0,0
99,65,0
99,31,0
99,70,0
99,74,0
99,138,0
99,103,0
99,15,0
100,40,1
100,0,1
100,23,1
100,8,1
100,20,1
100,6,1
100,38,1
100,4,1
100,103,1
100,13,0
101,0,1
101,68,1
101,6,1
101,1,1
101,16,0
102,37,1
102,8,1
102,25,1
102,1,1
102,5,0
102,67,0
102,131,0
103,21,1
103,35,1
103,2,1
103,16,1
103,32,1
103,5,1
103,25,0
103,23,0
103,55,0
104,48,1
104,23,1
104,5,1
104,8,1
104,6,1
104,55,1
104,25,0
104,64,0
105,0,1
105,23,1
105,5,1
105,8,1
105,2,1
105,1,1
105,46,1
105,10,0
106,23,1
106,6,1
106,25,1
106,4,1
106,26,1
106,1,1
106,60,1
106,5,1
107,40,1
107,0,1
107,6,1
107,4,1
107,1,1
107,46,1
107,32,1
107,5,1
108,48,1
108,8,1
108,20,1
108,6,1
108,9,1
108,1,1
108,46,1
108,5,1
108,37,0
109,5,1
109,13,1
109,38,1
109,4,1
109,1,1
109,46,1
109,16,1
109,34,0
110,23,1
110,5,1
110,16,1
110,13,0
110,25,0
110,4,0
111,17,1
111,23,1
111,38,1
111,16,1
111,32,1
111,5,1
111,0,0
112,40,1
112,0,1
112,8,1
112,6,1
112,2,1
112,1,1
112,16,1
112,5,1
113,23,1
113,21,1
113,34,1
113,25,1
113,4,1
113,1,1
113,16,1
113,5,1
113,80,0
114,48,1
114,10,1
114,40,1
114,0,1
114,23,1
114,6,1
114,13,1
114,2,1
114,1,1
114,32,1
114,25,0
115,13,1
115,6,1
115,25,1
115,139,1
115,26,1
115,119,1
115,55,1
115,17,1
115,37,1
115,52,1
115,32,1
115,5,1
115,28,1
115,35,1
115,111,1
115,23,1
115,8,1
115,93,1
115,16,1
115,10,0
115,40,0
115,78,0
115,49,0
115,1,0
115,46,0
115,64,0
116,20,1
116,6,1
116,22,1
116,14,1
116,2,1
116,25,1
116,4,1
116,26,1
116,39,1
116,55,1
116,12,1
116,17,1
116,40,1
116,37,1
116,11,1
116,62,1
116,38,1
116,1,1
116,32,1
116,5,1
116,49,1
116,35,1
116,42,1
116,34,1
116,48,1
116,23,1
116,8,1
116,16,1
116,97,1
116,56,0
116,0,0
116,13,0
116,88,0
116,53,0
116,105,0
116,46,0
117,0,1
117,5,1
117,8,1
117,4,1
117,1,1
117,55,1
118,54,1
118,12,1
118,23,1
118,30,1
118,16,1
118,25,1
118,26,1
118,60,1
118,32,1
118,5,1
118,42,0
118,4,0
118,1,0
119,6,1
119,35,1
119,25,1
119,4,1
119,107,1
119,108,1
119,48,1
119,37,1
119,23,1
119,8,1
119,69,1
119,52,1
119,62,1
119,1,1
119,16,1
119,5,1
119,17,0
119,61,0
119,13,0
120,48,1
120,0,1
120,67,1
120,16,1
120,13,1
120,6,1
120,22,1
120,1,1
120,95,1
120,5,1
121,106,1
121,0,1
121,20,1
121,13,1
121,6,1
121,35,1
121,59,1
121,2,1
121,25,1
121,4,1
121,114,1
121,73,1
121,55,1
121,17,1
121,23,1
121,5,1
121,8,1
121,103,1
121,105,1
121,16,1
121,48,0
121,56,0
121,1,0
121,46,0
122,0,1
122,30,1
122,22,1
122,2,1
122,4,1
122,55,1
122,8,1
122,38,1
122,9,1
122,1,1
122,46,1
122,121,0
122,48,0
122,57,0
122,25,0
122,106,0
122,23,0
122,11,0
122,72,0
122,32,0
122,13,0
123,0,1
123,23,1
123,104,1
123,2,1
123,25,1
123,4,1
123,1,1
123,32,1
123,39,1
123,46,0
124,128,1
124,53,1
124,32,1
124,46,0
124,10,0
124,6,0
125,61,1
125,23,1
125,45,1
125,25,1
125,9,1
125,4,1
125,138,1
125,32,1
125,5,1
125,55,1
125,40,0
125,1,0
126,0,1
126,23,1
126,5,1
126,8,1
126,6,1
126,32,1
127,0,1
127,6,1
127,4,1
127,40,1
127,37,1
127,5,1
127,8,1
127,58,1
127,11,1
127,9,1
127,36,1
127,16,1
127,1,0
128,12,1
128,17,1
128,23,1
128,22,1
128,103,1
128,1,1
128,5,1
128,13,0
129,0,1
129,23,1
129,8,1
129,25,1
129,1,1
129,5,1
130,28,1
130,0,1
130,30,1
130,20,1
130,6,1
130,35,1
130,22,1
130,4,1
130,77,1
130,67,1
130,17,1
130,51,1
130,5,1
130,8,1
130,11,1
130,27,1
130,62,1
130,38,1
130,9,1
130,135,1
130,1,1
130,32,1
130,48,0
130,78,0
130,23,0
130,59,0
130,2,0
131,20,1
131,59,1
131,4,1
131,108,1
131,55,1
131,17,1
131,45,1
131,49,1
131,42,1
131,24,1
131,71,1
131,56,1
131,8,1
131,69,1
131,3,1
131,16,1
131,6,1
131,2,1
131,26,1
131,60,1
131,78,1
131,38,1
131,1,1
131,68,1
131,67,1
131,100,1
131,0,1
131,30,1
131,35,1
131,34,1
131,79,1
131,31,1
131,48,1
131,23,1
131,21,1
131,103,1
131,29,1
131,138,1
131,50,1
131,25,1
131,114,1
131,39,1
131,12,1
131,51,1
131,52,1
131,53,1
131,41,1
131,36,1
131,28,1
131,84,1
131,73,1
131,61,1
131,18,1
131,97,1
131,81,1
131,22,1
131,14,1
131,37,1
131,44,1
131,134,1
131,64,1
131,32,1
131,46,1
131,13,0
131,87,0
131,101,0
131,121,0
131,54,0
131,10,0
131,11,0
131,58,0
131,126,0
131,62,0
131,5,0
131,83,0
131,43,0
131,75,0
131,111,0
131,7,0
131,109,0
131,118,0
132,132,1
132,20,1
132,13,1
132,6,1
132,22,1
132,14,1
132,114,1
132,55,1
132,54,1
132,40,1
132,11,1
132,62,1
132,32,1
132,5,1
132,28,1
132,100,1
132,43,1
132,30,1
132,75,1
132,35,1
132,73,1
132,24,1
132,23,1
132,8,1
132,109,1
132,21,1
132,103,1
132,29,1
132,93,1
132,138,1
132,118,1
132,72,1
132,31,0
132,56,0
132,37,0
132,78,0
132,0,0
132,49,0
132,53,0
132,1,0
132,46,0
132,64,0
133,0,1
133,104,1
133,23,1
133,8,1
133,60,1
133,91,1
133,1,0
133,6,0
133,5,0
134,37,1
134,0,1
134,23,1
134,5,1
134,8,1
134,25,1
134,74,1
135,23,1
135,1,1
135,5,1
135,25,0
136,10,1
136,4,1
136,93,1
136,1,1
136,5,1
136,89,0
137,4,1
137,12,1
137,1,1
137,46,1
137,5,1
138,6,1
138,35,1
138,23,1
138,8,1
138,1,1
138,16,1
138,5,1
139,40,1
139,30,1
139,38,1
139,2,1
139,25,1
139,4,1
139,1,1
139,5,1
140,0,1
140,5,1
140,11,1
140,2,1
140,93,1
140,1,1
140,26,0
141,28,1
141,0,1
141,13,1
141,6,1
141,2,1
141,22,1
141,25,1
141,4,1
141,55,1
141,31,1
141,10,1
141,12,1
141,37,1
141,23,1
141,8,1
141,11,1
141,38,1
141,103,1
141,93,1
141,5,1
141,48,0
141,78,0
141,49,0
141,53,0
141,46,0
142,0,1
142,23,1
142,8,1
142,5,1
142,13,1
142,38,1
142,4,1
142,1,1
142,105,1
142,16,1
142,78,0
143,25,1
143,4,1
143,17,1
143,9,1
143,1,1
143,5,1
144,0,1
144,20,1
144,6,1
144,22,1
144,2,1
144,34,1
144,25,1
144,4,1
144,55,1
144,17,1
144,23,1
144,8,1
144,18,1
144,29,1
144,1,1
144,16,1
144,32,1
144,5,1
145,0,1
145,6,1
145,42,1
145,2,1
145,25,1
145,4,1
145,55,1
145,10,1
145,12,1
145,17,1
145,23,1
145,18,1
145,52,1
145,9,1
145,1,1
145,16,1
145,5,1
146,48,1
146,10,1
146,23,1
146,5,1
146,2,1
146,4,1
146,1,1
147,23,1
147,5,1
147,13,1
147,6,1
147,88,1
147,2,1
147,25,1
147,1,1
147,48,0
148,20,1
148,22,1
148,2,1
148,14,1
148,25,1
148,4,1
148,98,1
148,58,1
148,1,1
148,5,1
148,32,1
148,0,1
148,75,1
148,35,1
148,34,1
148,107,1
148,48,1
148,23,1
148,8,1
148,36,1
148,46,1
148,16,1
148,13,0
148,6,0
148,55,0
148,40,0
148,17,0
148,37,0
148,56,0
148,29,0
148,72,0
148,64,0
149,8,1
149,67,1
149,4,1
149,93,1
149,5,1
149,1,0
150,0,1
150,6,1
150,2,1
150,25,1
150,53,1
150,1,1
150,5,1
150,55,1
150,40,0
150,37,0
150,23,0
150,13,0
151,23,1
151,8,1
151,20,1
151,4,1
151,107,1
151,32,1
151,7,0
151,46,0
151,16,0
152,0,1
152,104,1
152,23,1
152,5,1
152,67,1
152,38,1
152,2,1
152,25,1
152,4,1
152,26,1
152,1,1
152,46,1
152,16,1
153,0,1
153,37,1
153,5,1
153,8,1
153,6,1
153,25,1
153,4,1
153,107,1
153,72,1
153,55,1
153,41,0
154,0,1
154,35,1
154,25,1
154,4,1
154,55,1
154,23,1
154,5,1
154,1,1
154,16,1
154,67,1
154,49,0
155,23,1
155,5,1
155,30,1
155,26,1
156,25,1
156,4,1
156,23,1
156,62,1
156,5,1
156,65,0
157,0,1
157,4,1
157,17,1
157,23,1
157,38,1
157,81,1
157,13,0
157,22,0
157,2,0
157,9,0
157,25,0
157,1,0
157,16,0
158,0,1
158,104,1
158,23,1
158,49,1
158,25,1
158,60,1
158,5,1
158,55,1
158,38,0
158,4,0
158,6,0
159,12,1
159,23,1
159,52,1
159,6,1
159,35,1
159,93,1
159,5,1
159,42,0
159,48,0
159,1,0
160,13,1
160,6,1
160,2,1
160,25,1
160,4,1
160,114,1
160,55,1
160,12,1
160,17,1
160,37,1
160,52,1
160,38,1
160,53,1
160,5,1
160,0,1
160,49,1
160,35,1
160,42,1
160,73,1
160,23,1
160,8,1
160,93,1
160,16,1
160,1,0
160,67,0
161,8,1
161,6,1
161,4,1
161,5,1
161,13,0
162,56,1
162,23,1
162,11,1
162,20,1
162,35,1
162,59,1
162,2,1
162,25,1
162,4,1
162,1,1
162,46,1
162,5,1
162,13,0
163,6,1
163,2,1
163,25,1
163,4,1
163,48,1
163,23,1
163,8,1
163,1,1
163,46,1
163,32,1
163,5,1
164,0,1
164,23,1
164,5,1
164,25,1
164,9,1
164,4,1
164,1,1
164,16,1
164,67,1
165,31,1
165,0,1
165,23,1
165,8,1
165,2,1
165,4,1
165,1,1
165,5,1
166,23,1
166,8,1
166,49,1
166,9,1
166,4,1
166,5,1
166,25,0
166,93,0
166,26,0
166,55,0
167,23,1
167,8,1
167,16,1
167,5,1
167,1,0
168,28,1
168,100,1
168,0,1
168,20,1
168,13,1
168,6,1
168,35,1
168,2,1
168,22,1
168,25,1
168,55,1
168,37,1
168,23,1
168,8,1
168,5,1
168,109,1
168,52,1
168,62,1
168,88,1
168,53,1
168,138,1
168,44,1
168,46,1
168,32,1
168,48,0
168,120,0
168,1,0
168,67,0
169,0,1
169,6,1
169,84,1
169,42,1
169,4,1
169,1,1
169,46,1
169,5,1
170,0,1
170,23,1
170,6,1
170,25,1
170,4,1
170,1,1
170,5,1
171,0,1
171,23,1
171,8,1
171,13,1
171,107,1
171,93,1
171,1,1
171,5,1
171,4,0
171,64,0
172,0,1
172,30,1
172,13,1
172,6,1
172,59,1
172,2,1
172,42,1
172,4,1
172,107,1
172,26,1
172,12,1
172,5,1
172,8,1
172,11,1
172,53,1
172,44,1
172,1,1
172,46,1
172,16,1
172,32,1
173,23,1
173,5,1
173,6,1
173,4,1
173,1,1
173,16,1
173,67,1
174,23,1
174,67,1
174,20,1
174,2,1
174,112,1
174,25,1
174,4,1
174,26,1
174,1,1
174,46,1
174,5,1
175,6,1
175,22,1
175,2,1
175,4,1
175,26,1
175,55,1
175,17,1
175,11,1
175,52,1
175,38,1
175,1,1
175,32,1
175,5,1
175,0,1
175,30,1
175,75,1
175,35,1
175,34,1
175,107,1
175,48,1
175,23,1
175,8,1
175,16,1
175,25,0
175,53,0
176,17,1
176,40,1
176,0,1
176,5,1
176,30,1
176,4,1
176,53,1
176,1,1
176,38,0
176,48,0
177,5,1
177,8,1
177,6,1
177,2,1
177,4,1
177,1,1
177,49,0
177,16,0
178,50,1
178,13,1
178,6,1
178,131,1
178,22,1
178,2,1
178,25,1
178,114,1
178,60,1
178,12,1
178,10,1
178,17,1
178,37,1
178,11,1
178,52,1
178,53,1
178,45,1
178,32,1
178,5,1
178,28,1
178,0,1
178,35,1
178,42,1
178,73,1
178,56,1
178,23,1
178,8,1
178,92,1
178,88,1
178,74,1
178,29,1
178,138,1
178,103,1
178,93,1
178,81,1
178,16,1
178,72,1
178,49,0
178,4,0
178,99,0
178,48,0
178,51,0
178,78,0
178,70,0
178,1,0
178,46,0
178,67,0
178,64,0
179,48,1
179,6,1
179,4,1
179,1,1
179,16,1
179,5,1
179,23,0
179,42,0
180,31,1
180,2,1
180,9,1
180,4,1
180,1,1
180,46,1
180,5,1
181,0,1
181,23,1
181,8,1
181,49,1
181,2,1
181,38,1
181,4,1
181,76,1
181,1,1
181,46,1
181,5,1
182,40,1
182,0,1
182,104,1
182,23,1
182,13,1
182,88,1
182,38,1
182,1,1
182,105,1
182,46,1
182,5,1
183,40,1
183,0,1
183,8,1
183,27,1
183,6,1
183,32,1
183,29,1
183,1,1
183,45,1
183,5,1
184,0,1
184,6,1
184,42,1
184,2,1
184,34,1
184,4,1
184,12,1
184,8,1
184,69,1
184,1,1
184,16,1
184,5,1
184,25,0
184,101,0
185,50,1
185,6,1
185,22,1
185,2,1
185,25,1
185,4,1
185,26,1
185,55,1
185,12,1
185,17,1
185,37,1
185,52,1
185,62,1
185,38,1
185,53,1
185,44,1
185,1,1
185,32,1
185,5,1
185,64,1
185,0,1
185,49,1
185,35,1
185,31,1
185,23,1
185,8,1
185,103,1
185,138,1
185,46,1
185,97,1
185,16,1
185,15,1
185,132,0
185,13,0
185,40,0
185,10,0
185,78,0
185,11,0
185,109,0
185,72,0
185,95,0
186,0,1
186,8,1
186,2,1
186,1,1
186,46,1
186,5,1
186,25,0
186,37,0
186,23,0
186,55,0
187,0,1
187,2,1
187,25,1
187,4,1
187,23,1
187,104,1
187,8,1
187,5,1
187,27,1
187,62,1
187,53,1
187,1,1
187,88,0
187,13,0
187,91,0
188,12,1
188,37,1
188,23,1
188,5,1
188,8,1
188,6,1
188,1,1
188,46,1
188,60,1
189,2,1
189,29,1
189,23,1
189,1,1
189,46,1
189,16,1
189,6,1
189,5,1
189,48,0
189,53,0
190,0,1
190,5,1
190,6,1
190,2,1
190,9,1
190,1,1
191,10,1
191,0,1
191,96,1
191,2,1
191,4,1
191,1,1
191,5,1
191,61,0
192,48,1
192,23,1
192,6,1
192,2,1
192,25,1
192,4,1
192,46,1
192,5,1
192,55,1
193,0,1
193,49,1
193,35,1
193,22,1
193,2,1
193,4,1
193,12,1
193,104,1
193,23,1
193,8,1
193,1,1
193,44,1
193,5,1
193,31,0
193,10,0
193,40,0
193,89,0
193,75,0
193,52,0
193,91,0
193,6,0
193,38,0
193,34,0
193,25,0
193,29,0
193,46,0
193,118,0
193,55,0
194,0,1
194,23,1
194,53,1
194,1,1
194,16,1
194,5,1
194,93,0
194,8,0
195,17,1
195,0,1
195,23,1
195,104,1
195,8,1
195,5,1
195,59,1
195,4,1
195,1,1
195,60,1
195,16,1
196,20,1
196,6,1
196,2,1
196,9,1
196,4,1
196,38,0
196,0,0
196,107,0
196,8,0
196,27,0
196,5,0
196,32,0
197,13,1
197,6,1
197,35,1
197,2,1
197,14,1
197,4,1
197,10,1
197,23,1
197,8,1
197,27,1
197,52,1
197,1,1
197,46,1
197,16,1
197,5,1
197,48,0
197,37,0
197,25,0
198,137,1
198,13,1
198,6,1
198,22,1
198,2,1
198,25,1
198,4,1
198,55,1
198,78,1
198,52,1
198,38,1
198,53,1
198,1,1
198,32,1
198,5,1
198,0,1
198,35,1
198,73,1
198,23,1
198,8,1
198,46,1
198,16,1
198,10,0
198,17,0
198,11,0
198,49,0
198,63,0
198,118,0
199,132,1
199,8,1
199,52,1
199,6,1
199,2,1
199,26,1
199,1,1
199,16,1
199,32,1
199,5,1
199,31,0
200,0,1
200,23,1
200,8,1
200,25,1
200,1,1
200,55,1
201,0,1
201,23,1
201,13,1
201,6,1
201,2,1
201,4,1
201,1,1
201,5,1
201,25,0
201,16,0
201,52,0
201,80,0
201,55,0
202,12,1
202,5,1
202,35,0
203,0,1
203,49,1
203,6,1
203,35,1
203,22,1
203,2,1
203,34,1
203,4,1
203,26,1
203,31,1
203,48,1
203,12,1
203,40,1
203,8,1
203,11,1
203,52,1
203,38,1
203,53,1
203,103,1
203,1,1
203,36,1
203,16,1
203,5,1
203,25,0
203,138,0
203,23,0
203,46,0
203,13,0
203,55,0
204,13,1
204,6,1
204,22,1
204,2,1
204,4,1
204,26,1
204,62,1
204,38,1
204,36,1
204,32,1
204,5,1
204,100,1
204,0,1
204,49,1
204,35,1
204,34,1
204,73,1
204,23,1
204,8,1
204,93,1
204,9,1
204,46,1
204,16,1
204,25,0
204,101,0
204,72,0
204,55,0
205,23,1
205,8,1
205,5,1
205,4,1
205,26,1
205,16,1
205,39,1
205,53,0
206,6,1
206,2,1
206,25,1
206,4,1
206,26,1
206,60,1
206,55,1
206,12,1
206,10,1
206,51,1
206,17,1
206,37,1
206,11,1
206,52,1
206,62,1
206,32,1
206,5,1
206,35,1
206,42,1
206,34,1
206,48,1
206,61,1
206,8,1
206,138,1
206,16,1
206,78,0
206,23,0
206,49,0
206,84,0
206,13,0
206,1,0
206,46,0
207,61,1
207,23,1
207,8,1
207,27,1
207,4,1
207,1,1
207,32,1
207,5,1
207,37,0
208,0,1
208,49,1
208,25,1
208,4,1
208,46,1
208,55,1
208,23,0
209,6,1
209,35,1
209,34,1
209,4,1
209,23,1
209,8,1
209,5,1
209,52,1
209,38,1
209,29,1
209,16,1
209,32,1
209,2,0
209,0,0
209,1,0
209,11,0
210,0,1
210,49,1
210,25,1
210,4,1
210,55,1
210,40,1
210,23,1
210,8,1
210,1,1
210,32,1
210,5,1
210,12,0
210,2,0
210,46,0
210,16,0
211,0,1
211,20,1
211,13,1
211,6,1
211,2,1
211,4,1
211,26,1
211,65,1
211,121,1
211,12,1
211,56,1
211,8,1
211,53,1
211,44,1
211,16,1
211,32,1
211,5,1
211,23,0
211,1,0
211,109,0
211,27,0
212,0,1
212,23,1
212,8,1
212,62,1
212,2,1
212,4,1
212,79,1
212,41,1
212,1,1
212,46,1
212,60,1
212,25,0
212,55,0
213,6,1
213,13,1
213,22,1
213,2,1
213,4,1
213,55,1
213,121,1
213,10,1
213,40,1
213,37,1
213,126,1
213,1,1
213,5,1
213,0,1
213,23,1
213,8,1
213,46,1
213,16,1
213,109,0
214,0,1
214,23,1
214,8,1
214,1,1
214,60,1
214,5,1
214,55,1
215,2,1
215,25,1
215,4,1
215,1,1
215,5,1
215,55,1
216,52,1
216,16,1
216,6,1
216,34,1
216,1,1
216,99,1
216,5,1
216,25,0
216,70,0
216,23,0
216,131,0
217,0,1
217,23,1
217,8,1
217,4,1
217,1,1
217,12,0
217,38,0
217,5,0
218,48,1
218,40,1
218,8,1
218,6,1
218,22,1
218,25,1
218,4,1
218,1,1
218,16,1
218,5,1
218,55,1
219,0,1
219,13,1
219,25,1
219,23,1
219,8,1
219,1,1
219,46,1
219,5,1
219,10,0
219,104,0
219,89,0
219,49,0
220,23,1
220,84,1
220,35,1
220,4,1
220,1,1
220,5,1
221,0,1
221,23,1
221,8,1
221,2,1
221,34,1
221,1,1
221,5,1
221,93,0
221,16,0
222,13,1
222,6,1
222,2,1
222,25,1
222,4,1
222,101,1
222,12,1
222,10,1
222,40,1
222,1,1
222,5,1
222,0,1
222,84,1
222,73,1
222,48,1
222,23,1
222,8,1
222,46,1
222,16,1
223,0,1
223,30,1
223,13,1
223,6,1
223,131,1
223,22,1
223,42,1
223,2,1
223,34,1
223,108,1
223,12,1
223,23,1
223,8,1
223,27,1
223,16,1
223,32,1
223,5,1
223,78,0
223,133,0
223,53,0
223,4,0
223,1,0
223,46,0
223,67,0
224,0,1
224,23,1
224,8,1
224,5,1
224,84,1
224,34,1
224,4,1
224,1,1
224,16,1
224,32,1
225,23,1
225,5,1
225,2,1
225,1,1
226,2,0
226,34,0
226,16,0
226,95,0
226,5,0
227,56,1
227,23,1
227,6,1
227,62,1
227,2,1
227,1,1
227,0,0
227,16,0
227,13,0
227,11,0
227,27,0
227,53,0
227,44,0
228,0,1
228,91,1
228,6,1
228,4,1
228,60,1
228,23,1
228,27,1
228,1,1
228,67,1
228,17,0
228,53,0
228,25,0
228,5,0
228,8,0
228,49,0
228,11,0
229,0,1
229,23,1
229,5,1
229,8,1
229,6,1
229,2,1
229,25,1
229,44,1
229,55,1
229,31,0
229,46,0
229,1,0
230,8,1
230,4,1
230,1,1
230,16,1
230,5,1
231,0,1
231,23,1
231,49,1
231,52,1
231,16,1
231,6,1
231,2,1
231,1,1
231,46,1
231,5,1
231,25,0
232,12,1
232,0,1
232,8,1
232,11,1
232,4,1
232,53,1
232,42,0
232,107,0
233,23,1
233,49,1
233,27,1
233,2,1
233,25,1
233,1,1
233,45,1
233,5,1
233,55,1
233,4,0
233,46,0
233,84,0
234,25,1
234,4,1
234,60,1
234,55,1
234,23,1
234,8,1
234,1,1
234,72,1
234,5,1
235,12,1
235,0,1
235,23,1
235,38,1
235,2,1
235,4,1
235,1,1
235,46,1
235,32,1
235,5,1
235,101,0
236,23,1
236,8,1
236,2,1
236,1,1
236,46,1
236,5,1
236,25,0
236,13,0
237,121,1
237,37,1
237,8,1
237,13,1
237,35,1
237,42,1
237,16,1
237,0,0
237,25,0
237,55,0
237,1,0
238,0,1
238,23,1
238,13,1
238,6,1
238,35,1
238,2,1
238,4,1
238,1,1
238,16,1
238,32,1
238,5,1
238,46,0
239,0,1
239,35,1
239,2,1
239,25,1
239,55,1
239,23,1
239,1,1
239,46,1
239,5,1
240,0,1
240,8,1
240,49,1
240,38,1
240,32,1
240,5,1
240,25,0
240,93,0
240,55,0
241,0,1
241,2,1
241,4,1
241,60,1
241,48,1
241,61,1
241,8,1
241,25,0
241,87,0
241,46,0
241,122,0
241,64,0
242,23,1
242,5,1
242,8,1
242,49,1
242,52,1
242,25,1
242,16,1
242,6,0
243,93,1
243,8,1
243,5,1
243,55,1
243,0,0
243,23,0
243,2,0
243,25,0
243,107,0
243,72,0
244,17,1
244,40,1
244,5,1
244,8,1
244,1,1
244,46,1
244,45,1
244,23,0
244,27,0
245,132,1
245,0,1
245,6,1
245,2,1
245,25,1
245,4,1
245,60,1
245,55,1
245,23,1
245,8,1
245,109,1
245,96,1
245,52,1
245,1,1
245,16,1
245,5,1
245,103,0
245,13,0
246,0,1
246,13,1
246,6,1
246,22,1
246,2,1
246,25,1
246,79,1
246,55,1
246,10,1
246,37,1
246,23,1
246,8,1
246,11,1
246,103,1
246,16,1
246,95,1
246,48,0
246,4,0
246,1,0
246,46,0
247,83,1
247,1,1
247,46,1
247,16,1
247,5,1
247,42,0
247,12,0
247,25,0
247,23,0
247,72,0
247,68,0
247,55,0
248,0,1
248,23,1
248,20,1
248,11,1
248,22,1
248,2,1
248,25,1
248,4,1
248,9,1
248,26,1
248,1,1
248,46,1
248,55,1
248,72,0
249,0,1
249,104,1
249,5,1
249,52,1
249,6,1
249,22,1
249,38,1
249,4,1
249,1,1
249,67,1
250,0,1
250,50,1
250,13,1
250,6,1
250,131,1
250,35,1
250,2,1
250,25,1
250,55,1
250,12,1
250,40,1
250,23,1
250,8,1
250,5,1
250,88,1
250,105,1
250,72,1
250,9,0
250,4,0
250,1,0
250,49,0
251,23,1
251,5,1
251,30,1
251,6,1
251,2,1
251,16,1
251,1,0
252,0,1
252,6,1
252,25,1
252,4,1
252,55,1
252,48,1
252,1,1
252,46,1
252,5,1
253,0,1
253,23,1
253,30,1
253,2,1
253,32,1
253,42,0
253,1,0
253,16,0
253,92,0
254,0,1
254,23,1
254,8,1
254,4,1
254,1,1
254,46,1
254,16,1
254,5,1
254,49,0
254,25,0
255,40,1
255,56,1
255,78,1
255,6,1
255,4,1
255,1,1
255,46,1
255,16,1
255,5,1
255,13,0
256,0,1
256,30,1
256,20,1
256,6,1
256,16,1
256,32,1
256,2,1
256,34,1
256,25,1
256,4,1
256,55,1
256,23,1
256,8,1
256,72,1
256,15,1
256,5,1
256,135,0
256,46,0
256,52,0
257,0,1
257,104,1
257,23,1
257,84,1
257,22,1
257,38,1
257,25,1
257,4,1
257,1,1
257,5,1
258,0,1
258,20,1
258,2,1
258,34,1
258,4,1
258,73,1
258,31,1
258,48,1
258,10,1
258,1,1
258,5,1
258,25,0
258,23,0
258,13,0
258,72,0
258,55,0
259,0,1
259,23,1
259,2,1
259,25,1
259,5,1
259,93,0
259,1,0
260,48,1
260,0,1
260,1,1
260,8,1
261,23,1
261,8,1
261,67,1
261,25,1
261,46,1
261,60,1
261,32,1
261,5,1
261,55,1
261,107,0
261,72,0
262,0,1
262,20,1
262,22,1
262,2,1
262,4,1
262,17,1
262,23,1
262,5,1
262,109,1
262,53,1
262,1,1
262,46,1
262,16,1
262,25,0
262,67,0
262,55,0
263,23,1
263,8,1
263,2,1
263,1,1
263,5,1
263,25,0
263,49,0
263,13,0
263,55,0
264,0,1
264,106,1
264,23,1
264,6,1
264,22,1
264,38,1
264,25,1
264,4,1
264,5,1
264,10,0
264,56,0
264,78,0
264,105,0
264,11,0
264,13,0
265,23,1
265,5,1
265,8,1
265,109,1
265,4,1
265,1,1
265,46,1
265,132,0
266,37,1
266,23,1
266,25,1
266,5,1
266,12,0
266,10,0
266,0,0
266,89,0
266,11,0
266,38,0
266,2,0
266,22,0
266,42,0
266,4,0
266,1,0
266,46,0
266,118,0
266,97,0
266,16,0
266,64,0
267,106,1
267,23,1
267,52,1
267,6,1
267,25,1
267,16,1
267,5,1
267,48,0
267,4,0
267,13,0
268,23,1
268,5,1
268,52,1
268,25,1
268,1,1
268,16,1
269,6,1
269,35,1
269,4,1
269,12,1
269,40,1
269,23,1
269,5,1
269,8,1
269,38,1
269,1,1
269,16,1
269,93,0
270,12,1
270,23,1
270,5,1
270,6,1
270,25,1
270,4,1
270,1,1
270,32,1
270,27,0
271,4,1
271,23,1
271,8,1
271,103,1
271,1,1
271,46,1
271,16,1
271,95,1
271,5,1
271,37,0
271,49,0
271,32,0
271,55,0
272,6,1
272,22,1
272,14,1
272,2,1
272,25,1
272,63,1
272,76,1
272,60,1
272,55,1
272,54,1
272,12,1
272,17,1
272,19,1
272,53,1
272,1,1
272,44,1
272,36,1
272,32,1
272,5,1
272,30,1
272,75,1
272,84,1
272,35,1
272,31,1
272,61,1
272,23,1
272,8,1
272,27,1
272,102,1
272,9,1
272,29,1
272,46,1
272,81,1
272,16,1
272,132,0
272,43,0
272,45,0
272,87,0
272,108,0
272,101,0
272,119,0
272,40,0
272,85,0
272,109,0
272,118,0
272,64,0
272,67,0
273,6,1
273,59,1
273,2,1
273,25,1
273,4,1
273,26,1
273,55,1
273,12,1
273,40,1
273,51,1
273,104,1
273,62,1
273,38,1
273,32,1
273,5,1
273,0,1
273,42,1
273,34,1
273,31,1
273,48,1
273,23,1
273,8,1
273,109,1
273,46,1
273,97,1
273,16,1
273,1,0
273,13,0
274,0,1
274,6,1
274,2,1
274,25,1
274,4,1
274,67,1
274,23,1
274,8,1
274,38,1
274,1,1
274,5,1
274,17,0
275,0,1
275,23,1
275,2,1
275,9,1
275,1,1
275,52,0
275,6,0
275,16,0
275,13,0
275,5,0
276,63,1
276,2,1
276,22,1
276,25,1
276,4,1
276,26,1
276,55,1
276,12,1
276,11,1
276,58,1
276,52,1
276,38,1
276,53,1
276,1,1
276,36,1
276,45,1
276,32,1
276,5,1
276,28,1
276,0,1
276,49,1
276,75,1
276,35,1
276,73,1
276,23,1
276,8,1
276,27,1
276,102,1
276,138,1
276,29,1
276,118,1
276,16,1
276,13,0
276,6,0
276,40,0
276,37,0
276,68,0
276,88,0
276,46,0
277,48,1
277,12,1
277,0,1
277,13,1
277,1,1
277,105,1
277,16,1
277,5,1
277,37,0
278,17,1
278,0,1
278,8,1
278,2,1
278,107,1
278,5,1
278,51,0
278,125,0
278,49,0
278,55,0
279,13,1
279,6,1
279,22,1
279,2,1
279,4,1
279,139,1
279,26,1
279,60,1
279,40,1
279,11,1
279,53,1
279,1,1
279,36,1
279,5,1
279,0,1
279,23,1
279,8,1
279,46,1
279,16,1
280,0,1
280,23,1
280,38,1
280,2,1
280,4,1
280,1,1
280,5,1
280,42,0
280,103,0
280,46,0
281,23,1
281,8,1
281,5,1
281,52,1
281,6,1
281,36,1
281,16,1
282,48,1
282,0,1
282,23,1
282,8,1
282,6,1
282,2,1
282,1,1
282,46,1
282,5,1
283,0,1
283,23,1
283,59,1
283,2,1
283,9,1
283,4,1
283,1,1
283,5,1
283,88,0
283,13,0
284,23,1
284,5,1
284,49,1
284,25,1
284,67,0
284,1,0
285,0,1
285,23,1
285,8,1
285,5,1
285,17,0
285,20,0
285,13,0
285,4,0
285,1,0
286,132,1
286,20,1
286,13,1
286,6,1
286,22,1
286,4,1
286,139,1
286,116,1
286,60,1
286,10,1
286,78,1
286,11,1
286,58,1
286,52,1
286,19,1
286,62,1
286,38,1
286,41,1
286,36,1
286,32,1
286,64,1
286,5,1
286,0,1
286,120,1
286,82,1
286,30,1
286,75,1
286,33,1
286,84,1
286,35,1
286,73,1
286,7,1
286,56,1
286,23,1
286,18,1
286,109,1
286,27,1
286,3,1
286,9,1
286,29,1
286,81,1
286,16,1
286,118,1
286,50,0
286,63,0
286,25,0
286,55,0
286,12,0
286,17,0
286,51,0
286,49,0
286,8,0
286,69,0
286,26,0
286,37,0
286,1,0
286,100,0
286,34,0
286,31,0
286,74,0
286,72,0
287,0,1
287,23,1
287,8,1
287,11,1
287,2,1
287,4,1
287,1,1
287,46,1
287,5,1
287,68,0
287,16,0
287,67,0
288,6,1
288,13,1
288,59,1
288,22,1
288,2,1
288,12,1
288,53,1
288,1,1
288,5,1
288,28,1
288,0,1
288,49,1
288,23,1
288,8,1
288,16,1
288,48,0
288,25,0
288,103,0
288,26,0
288,37,0
288,32,0
288,55,0
289,0,1
289,23,1
289,8,1
289,25,1
289,1,1
289,46,1
289,32,1
289,5,1
289,31,0
289,2,0
289,45,0
289,27,0
290,40,1
290,0,1
290,23,1
290,8,1
290,20,1
290,6,1
290,25,1
290,4,1
290,80,1
290,55,1
290,59,0
290,2,0
291,0,1
291,49,1
291,20,1
291,13,1
291,6,1
291,35,1
291,22,1
291,2,1
291,25,1
291,4,1
291,60,1
291,10,1
291,17,1
291,56,1
291,78,1
291,23,1
291,52,1
291,38,1
291,9,1
291,53,1
291,1,1
291,16,1
291,32,1
291,5,1
292,0,1
292,23,1
292,8,1
292,13,1
292,6,1
292,38,1
292,2,1
292,25,1
292,4,1
292,5,1
292,55,1
292,40,0
292,103,0
293,12,1
293,0,1
293,23,1
293,3,1
293,84,1
293,19,1
293,38,1
293,4,1
293,1,1
293,42,0
293,103,0
293,81,0
293,13,0
294,0,1
294,23,1
294,8,1
294,53,1
294,5,1
294,25,0
295,40,1
295,23,1
295,5,1
295,8,1
295,6,1
295,0,0
295,60,0
295,55,0
296,0,1
296,13,1
296,6,1
296,5,1
296,61,0
296,52,0
296,70,0
296,1,0
296,16,0
296,45,0
297,48,1
297,23,1
297,26,1
297,1,1
297,55,1
298,0,1
298,6,1
298,2,1
298,4,1
298,48,1
298,40,1
298,8,1
298,11,1
298,52,1
298,1,1
298,46,1
298,36,1
298,16,1
298,5,1
298,10,0
298,23,0
298,13,0
298,88,0
298,25,0
298,32,0
298,55,0
299,100,1
299,23,1
299,8,1
299,49,1
299,6,1
299,2,1
299,25,1
299,1,1
299,16,1
299,5,1
299,7,0
299,40,0
299,13,0
299,62,0
300,0,1
300,6,1
300,22,1
300,2,1
300,25,1
300,67,1
300,55,1
300,10,1
300,12,1
300,40,1
300,23,1
300,8,1
300,1,1
300,16,1
300,5,1
300,48,0
300,89,0
301,56,1
301,8,1
301,13,1
301,6,1
301,88,1
301,53,1
301,107,1
301,93,1
301,5,1
301,48,0
301,1,0
302,37,1
302,0,1
302,56,1
302,23,1
302,62,1
302,2,1
302,53,1
302,4,1
302,32,1
302,5,1
302,49,0
302,13,0
303,0,1
303,49,1
303,16,1
303,6,1
303,35,1
303,2,1
303,25,1
303,4,1
303,55,1
303,56,1
303,23,1
303,8,1
303,52,1
303,1,1
303,5,1
304,13,1
304,25,1
304,73,1
304,5,1
304,10,0
304,103,0
304,114,0
304,55,0
305,48,1
305,61,1
305,49,1
305,35,1
305,2,1
305,1,1
305,46,1
305,16,1
305,5,1
305,18,0
305,25,0
306,6,1
306,2,1
306,25,1
306,4,1
306,12,1
306,23,1
306,8,1
306,1,1
306,72,1
306,16,1
306,5,1
306,42,0
306,97,0
306,55,0
307,12,1
307,56,1
307,0,1
307,23,1
307,8,1
307,38,1
307,25,1
307,4,1
307,1,1
307,60,1
307,5,1
307,55,1
307,78,0
307,13,0
308,23,1
308,49,1
308,6,1
308,38,1
308,25,1
308,4,1
308,5,1
308,55,1
308,1,0
308,27,0
309,0,1
309,23,1
309,35,1
309,4,1
309,5,1
309,103,0
309,13,0
310,8,1
310,49,1
310,107,1
310,1,1
310,5,1
310,25,0
310,55,0
311,0,1
311,23,1
311,49,1
311,35,1
311,53,1
311,4,1
311,26,1
311,1,1
311,46,1
311,32,1
311,25,0
311,108,0
311,55,0
312,23,1
312,8,1
312,38,1
312,4,1
312,1,1
312,46,1
312,2,0
312,0,0
313,0,1
313,52,1
313,1,1
313,46,1
313,16,1
313,5,1
314,12,1
314,23,1
314,8,1
314,2,1
314,25,1
314,4,1
314,1,1
314,67,1
315,23,1
315,8,1
315,2,1
315,25,1
315,1,1
315,32,1
315,93,0
315,5,0
316,25,1
316,93,1
316,0,1
316,23,1
316,8,1
316,6,1
316,5,1
317,12,1
317,23,1
317,5,1
317,8,1
317,4,1
317,97,1
317,46,0
317,27,0
318,23,1
318,8,1
318,2,1
318,4,1
318,107,1
318,93,1
318,5,1
318,1,0
318,46,0
319,31,1
319,0,1
319,23,1
319,8,1
319,2,1
319,9,1
319,4,1
319,53,1
319,1,1
319,94,1
319,46,1
319,5,1
320,0,1
320,104,1
320,5,1
320,8,1
320,6,1
320,55,1
320,1,1
320,46,1
320,16,1
320,32,1
320,67,1
321,61,1
321,0,1
321,23,1
321,5,1
321,8,1
321,20,1
321,27,1
321,84,1
321,22,1
321,2,1
321,4,1
321,1,1
321,16,1
321,45,1
321,13,0
322,20,1
322,112,1
322,4,1
322,55,1
322,12,1
322,38,1
322,97,1
322,5,1
323,23,1
323,5,1
323,49,1
323,1,1
323,48,0
323,40,0
323,93,0
323,92,0
323,6,0
324,10,1
324,40,1
324,0,1
324,8,1
324,16,1
324,4,1
324,9,1
324,1,1
324,5,1
325,12,1
325,56,1
325,0,1
325,23,1
325,38,1
325,25,1
325,4,1
325,1,1
325,60,1
325,97,1
325,11,0
326,0,1
326,6,1
326,35,1
326,2,1
326,4,1
326,23,1
326,8,1
326,1,1
326,46,1
326,5,1
326,93,0
327,75,1
327,16,1
327,6,1
327,2,1
327,4,1
327,60,1
327,10,1
327,17,1
327,23,1
327,8,1
327,1,1
327,5,1
327,0,0
327,49,0
327,25,0
327,55,0
327,37,0
327,46,0
328,10,1
328,23,1
328,5,1
328,8,1
328,20,1
328,4,1
328,24,1
328,25,0
328,0,0
328,46,0
329,23,1
329,8,1
329,21,1
329,9,1
329,4,1
329,1,1
329,5,0
330,28,1
330,54,1
330,12,1
330,17,1
330,6,1
330,32,1
330,55,1
330,25,1
330,35,1
330,36,1
330,10,0
330,0,0
330,89,0
330,75,0
330,52,0
330,22,0
330,101,0
330,118,0
330,67,0
331,56,1
331,0,1
331,40,1
331,23,1
331,8,1
331,49,1
331,20,1
331,11,1
331,30,1
331,52,1
331,13,1
331,6,1
331,35,1
331,2,1
331,32,1
331,5,1
331,37,0
331,25,0
331,36,0
332,23,1
332,5,1
332,49,1
332,4,1
332,1,1
333,23,1
333,25,1
333,32,1
333,55,1
334,28,1
334,0,1
334,25,1
334,4,1
334,55,1
334,7,1
334,23,1
334,16,1
334,95,1
334,5,1
335,40,1
335,23,1
335,8,1
335,16,1
335,59,1
335,25,1
335,4,1
335,1,1
335,94,1
335,5,1
336,23,1
336,2,1
336,32,1
336,5,1
336,38,0
336,22,0
336,61,0
336,4,0
336,0,0
336,20,0
337,0,1
337,25,1
337,5,1
337,40,0
337,23,0
337,92,0
338,0,1
338,6,1
338,35,1
338,22,1
338,45,1
338,4,1
338,139,1
338,67,1
338,10,1
338,56,1
338,37,1
338,8,1
338,5,1
338,11,1
338,52,1
338,27,1
338,38,1
338,1,1
338,16,1
338,32,1
338,23,0
338,13,0
338,25,0
339,0,1
339,43,1
339,30,1
339,35,1
339,2,1
339,34,1
339,25,1
339,4,1
339,12,1
339,37,1
339,23,1
339,8,1
339,1,1
339,46,1
339,16,1
339,32,1
339,5,1
339,10,0
339,40,0
339,44,0
339,89,0
339,75,0
339,92,0
340,13,1
340,6,1
340,63,1
340,2,1
340,25,1
340,4,1
340,60,1
340,12,1
340,17,1
340,51,1
340,37,1
340,11,1
340,52,1
340,1,1
340,36,1
340,32,1
340,5,1
340,0,1
340,106,1
340,35,1
340,42,1
340,48,1
340,7,1
340,23,1
340,8,1
340,46,1
340,16,1
340,55,0
341,0,1
341,23,1
341,22,1
341,2,1
341,38,1
341,4,1
341,103,1
341,138,1
341,25,0
341,55,0
342,0,1
342,58,1
342,6,1
342,2,1
342,38,1
342,4,1
342,1,1
342,32,1
342,20,0
342,36,0
342,16,0
343,0,1
343,23,1
343,2,1
343,4,1
343,1,1
343,46,1
343,5,1
343,28,0
343,25,0
343,55,0
344,106,1
344,6,1
344,25,1
344,4,1
344,107,1
344,26,1
344,55,1
344,17,1
344,40,1
344,37,1
344,23,1
344,8,1
344,11,1
344,36,1
344,16,1
344,32,1
344,5,1
344,0,0
344,13,0
344,38,0
344,103,0
344,1,0
345,23,1
345,38,1
345,2,1
345,25,1
345,4,1
345,1,1
345,46,1
345,32,1
345,5,1
345,55,1
345,36,0
346,25,1
346,0,1
346,8,1
346,30,1
346,5,1
346,55,1
346,13,0
346,4,0
346,1,0
346,16,0
347,28,1
347,48,1
347,5,1
347,4,1
347,1,1
347,46,1
348,8,1
348,59,1
348,2,1
348,4,1
348,1,1
348,60,1
348,5,0
349,0,1
349,6,1
349,35,1
349,2,1
349,22,1
349,25,1
349,4,1
349,10,1
349,78,1
349,23,1
349,8,1
349,74,1
349,1,1
349,5,1
349,13,0
349,51,0
349,56,0
349,89,0
349,67,0
350,23,1
350,8,1
350,6,1
350,4,1
350,1,1
350,60,1
350,106,0
351,28,1
351,0,1
351,16,1
351,6,1
351,35,1
351,2,1
351,34,1
351,4,1
351,139,1
351,26,1
351,48,1
351,23,1
351,8,1
351,52,1
351,38,1
351,53,1
351,1,1
351,46,1
351,36,1
351,32,1
351,5,1
351,64,1
352,23,1
352,4,1
352,1,1
352,60,1
352,55,1
352,46,0
353,49,1
353,6,1
353,4,1
353,25,1
353,107,1
353,48,1
353,23,1
353,8,1
353,11,1
353,1,1
353,5,1
353,17,0
354,106,1
354,23,1
354,52,1
354,1,1
354,16,1
354,25,0
355,23,1
355,8,1
355,25,1
355,1,1
355,46,1
355,97,1
355,5,1
356,0,1
356,23,1
356,8,1
356,52,1
356,6,1
356,25,1
356,1,1
356,16,1
356,32,1
357,23,1
357,5,1
357,52,1
357,16,1
357,6,1
357,4,1
357,1,1
357,60,1
357,49,0
357,13,0
357,25,0
357,17,0
357,40,0
357,93,0
357,46,0
358,0,1
358,23,1
358,8,1
358,1,1
358,55,1
359,23,1
359,16,1
359,25,1
359,9,1
359,4,1
359,55,1
359,88,0
359,131,0
359,13,0
359,8,0
360,0,1
360,91,1
360,2,1
360,4,1
360,10,1
360,104,1
360,23,1
360,8,1
360,68,1
360,44,1
360,1,1
360,5,1
360,46,0
361,0,1
361,23,1
361,2,1
361,25,1
361,60,1
361,5,1
361,55,1
362,31,1
362,0,1
362,23,1
362,104,1
362,59,1
362,2,1
362,53,1
362,4,1
362,1,1
362,46,0
362,13,0
362,6,0
362,35,0
363,48,1
363,12,1
363,23,1
363,52,1
363,6,1
363,60,1
363,39,1
363,5,1
363,1,0
364,12,1
364,23,1
364,2,1
364,25,1
364,1,1
364,32,1
364,5,1
364,30,0
364,6,0
365,20,1
365,6,1
365,32,1
365,22,1
365,2,1
365,25,1
365,4,1
365,60,1
365,31,1
365,12,1
365,61,1
365,23,1
365,52,1
365,1,1
365,16,1
365,17,0
365,5,0
366,4,1
366,23,1
366,46,1
366,13,1
366,25,0
366,1,0
367,40,1
367,0,1
367,23,1
367,2,1
367,25,1
367,4,1
367,1,1
367,134,1
367,46,1
367,5,1
367,55,1
367,130,0
368,50,1
368,13,1
368,6,1
368,2,1
368,4,1
368,101,1
368,60,1
368,11,1
368,52,1
368,38,1
368,1,1
368,32,1
368,64,1
368,67,1
368,5,1
368,28,1
368,83,1
368,0,1
368,30,1
368,84,1
368,35,1
368,34,1
368,31,1
368,23,1
368,8,1
368,92,1
368,29,1
368,46,1
368,16,1
368,131,0
369,0,1
369,23,1
369,8,1
369,20,1
369,22,1
369,25,1
369,4,1
369,107,1
369,26,1
369,1,1
369,113,1
369,5,1
369,55,1
369,10,0
370,0,1
370,5,1
370,13,1
370,6,1
370,4,1
370,88,0
371,0,1
371,16,1
371,84,1
371,6,1
371,35,1
371,2,1
371,42,1
371,4,1
371,12,1
371,40,1
371,23,1
371,8,1
371,19,1
371,38,1
371,93,1
371,36,1
371,5,1
371,37,0
371,11,0
371,25,0
371,53,0
371,26,0
371,1,0
371,72,0
371,55,0
372,0,1
372,38,1
372,4,1
372,2,0
372,25,0
372,46,0
373,12,1
373,0,1
373,8,1
373,49,1
373,13,1
373,6,1
373,5,1
373,38,0
374,106,1
374,8,1
374,52,1
374,6,1
374,1,1
374,16,1
374,5,1
374,55,1
374,45,0
374,27,0
374,13,0
375,61,1
375,0,1
375,6,1
375,2,1
375,4,1
375,1,1
375,46,1
375,45,1
375,5,1
376,23,1
376,8,1
376,5,1
376,27,1
376,34,1
376,25,1
376,4,1
376,0,0
376,55,0
376,16,0
377,12,1
377,23,1
377,11,1
377,25,1
377,4,1
377,5,1
377,55,1
377,92,0
378,23,1
378,67,1
378,25,1
378,5,1
378,9,0
378,4,0
378,1,0
379,5,1
379,25,1
379,16,1
379,68,1
379,34,0
379,1,0
380,4,1
380,1,1
380,8,1
380,5,1
380,10,0
380,0,0
380,38,0
380,16,0
381,12,1
381,0,1
381,23,1
381,5,1
381,6,1
381,38,1
381,2,1
381,93,1
381,55,1
381,40,0
382,48,1
382,23,1
382,4,1
382,1,1
382,46,1
382,5,1
382,25,0
382,11,0
382,32,0
383,23,1
383,49,1
383,6,1
383,25,1
383,4,1
383,1,1
383,5,1
383,55,1
383,70,0
383,101,0
383,8,0
384,48,1
384,49,1
384,11,1
384,2,1
384,25,1
384,4,1
384,1,1
384,55,1
385,23,1
385,8,1
385,62,1
385,25,1
385,4,1
385,60,1
385,5,1
386,0,1
386,5,1
386,8,1
386,11,1
386,38,1
386,4,1
386,1,1
387,0,1
387,23,1
387,109,1
387,25,1
387,9,1
387,1,1
387,32,1
387,5,1
388,50,1
388,13,1
388,6,1
388,22,1
388,2,1
388,25,1
388,4,1
388,26,1
388,12,1
388,62,1
388,53,1
388,1,1
388,32,1
388,0,1
388,43,1
388,30,1
388,49,1
388,84,1
388,35,1
388,112,1
388,34,1
388,71,1
388,23,1
388,8,1
388,18,1
388,88,1
388,16,1
388,48,0
388,10,0
388,89,0
389,0,1
389,8,1
389,6,1
389,35,1
389,1,1
389,49,0
389,25,0
390,12,1
390,17,1
390,100,1
390,0,1
390,104,1
390,30,1
390,109,1
390,52,1
390,6,1
390,2,1
390,4,1
390,16,1
390,5,1
390,55,1
390,23,0
390,69,0
390,91,0
390,59,0
390,42,0
390,34,0
390,25,0
390,1,0
390,46,0
390,72,0
390,32,0
391,17,1
391,37,1
391,8,1
391,34,1
391,4,1
391,55,1
391,32,1
391,10,0
391,51,0
391,58,0
391,49,0
391,20,0
391,52,0
391,22,0
391,125,0
391,36,0
391,16,0
392,0,1
392,35,1
392,25,1
392,4,1
392,55,1
392,10,1
392,12,1
392,23,1
392,104,1
392,8,1
392,38,1
392,1,1
392,5,1
393,0,1
393,16,1
393,6,1
393,25,1
393,4,1
393,17,1
393,37,1
393,8,1
393,11,1
393,38,1
393,1,1
393,36,1
393,5,1
393,42,0
393,23,0
394,0,0
394,20,0
394,6,0
394,2,0
394,52,0
394,1,0
394,46,0
395,8,1
395,2,1
395,4,1
395,1,1
395,60,1
396,48,1
396,17,1
396,23,1
396,52,1
396,6,1
396,1,1
396,5,1
396,25,0
396,0,0
397,0,1
397,13,1
397,6,1
397,35,1
397,2,1
397,42,1
397,25,1
397,4,1
397,114,1
397,31,1
397,12,1
397,40,1
397,8,1
397,11,1
397,27,1
397,38,1
397,105,1
397,97,1
397,5,1
398,48,1
398,23,1
398,63,1
398,2,1
398,44,1
398,1,1
398,5,1
398,93,0
399,23,1
399,2,1
399,4,1
399,16,1
399,38,0
399,6,0
400,0,1
400,22,1
400,2,1
400,38,1
400,4,1
400,1,1
400,5,1
400,46,0
401,23,1
401,6,1
401,25,1
401,1,1
401,5,1
402,0,1
402,2,1
402,4,1
402,23,1
402,8,1
402,1,1
402,46,1
402,48,0
402,16,0
402,6,0
402,131,0
402,88,0
402,25,0
402,70,0
402,65,0
402,5,0
402,55,0
403,23,1
403,8,1
403,13,1
403,6,1
403,22,1
403,25,1
403,4,1
403,5,1
403,55,1
404,12,1
404,23,1
404,8,1
404,50,1
404,59,1
404,4,1
404,1,1
404,46,1
404,5,1
405,61,1
405,0,1
405,23,1
405,5,1
405,25,1
405,49,0
406,23,1
406,6,1
406,2,1
406,25,1
406,1,1
406,5,1
406,55,1
406,63,0
407,0,1
407,6,1
407,35,1
407,2,1
407,4,1
407,12,1
407,10,1
407,23,1
407,8,1
407,1,1
407,46,1
407,25,0
407,11,0
407,5,0
408,48,1
408,0,1
408,104,1
408,23,1
408,52,1
408,16,1
408,6,1
408,35,1
408,2,1
408,5,1
408,40,0
409,13,1
409,25,1
409,37,1
409,23,1
409,1,1
409,5,1
410,0,1
410,23,1
410,8,1
410,49,1
410,20,1
410,13,1
410,6,1
410,38,1
410,9,1
410,4,1
410,1,1
410,5,1
410,105,0
411,0,1
411,8,1
411,13,1
411,6,1
411,29,1
411,16,1
411,103,0
411,93,0
411,23,0
411,114,0
411,73,0
411,52,0
411,5,0
411,55,0
412,1,1
412,60,1
412,5,0
412,16,0
412,6,0
413,48,1
413,8,1
413,16,1
413,35,1
413,2,1
413,1,1
413,5,1
413,12,0
413,107,0
413,46,0
414,48,1
414,40,1
414,0,1
414,6,1
414,93,1
414,29,1
414,1,1
414,32,1
414,5,1
414,10,0
414,25,0
414,49,0
414,55,0
415,48,1
415,40,1
415,0,1
415,106,1
415,23,1
415,8,1
415,6,1
415,38,1
415,4,1
415,25,1
415,1,1
415,16,1
415,5,1
416,0,1
416,13,1
416,6,1
416,22,1
416,2,1
416,25,1
416,4,1
416,60,1
416,55,1
416,23,1
416,8,1
416,38,1
416,1,1
416,32,1
416,5,1
417,0,1
417,20,1
417,2,1
417,4,1
417,48,1
417,37,1
417,23,1
417,69,1
417,38,1
417,1,1
417,46,1
417,106,0
417,8,0
417,49,0
417,113,0
417,16,0
417,32,0
417,6,0
418,23,1
418,5,1
418,2,1
418,53,1
418,1,1
418,46,1
419,23,1
419,8,1
419,20,1
419,11,1
419,22,1
419,25,1
419,55,1
419,65,0
419,72,0
419,4,0
420,0,1
420,23,1
420,5,1
420,8,1
420,38,1
420,25,1
420,4,1
420,107,1
420,93,1
420,1,0
420,46,0
420,67,0
421,0,1
421,35,1
421,2,1
421,4,1
421,23,1
421,5,1
421,8,1
421,62,1
421,38,1
421,1,1
421,46,1
421,32,1
421,48,0
421,51,0
421,6,0
421,25,0
421,68,0
422,0,1
422,8,1
422,6,1
422,4,1
422,26,1
422,1,1
422,5,1
422,48,0
422,93,0
423,28,1
423,0,1
423,20,1
423,75,1
423,30,1
423,6,1
423,35,1
423,22,1
423,2,1
423,79,1
423,73,1
423,40,1
423,37,1
423,23,1
423,8,1
423,11,1
423,5,1
423,52,1
423,62,1
423,93,1
423,29,1
423,1,1
423,36,1
423,16,1
423,32,1
423,49,0
423,13,0
423,4,0
423,114,0
423,99,0
423,10,0
423,51,0
423,88,0
423,38,0
423,103,0
423,138,0
423,46,0
424,34,1
424,23,1
424,5,1
424,8,1
424,1,1
424,16,1
424,27,0
424,25,0
424,65,0
424,45,0
425,12,1
425,23,1
425,8,1
425,2,1
425,4,1
425,1,0
425,46,0
425,5,0
425,55,0
426,40,1
426,0,1
426,23,1
426,8,1
426,30,1
426,1,1
426,60,1
426,32,1
426,5,1
426,132,0
426,17,0
426,49,0
426,11,0
426,109,0
427,8,1
427,20,1
427,4,1
427,1,1
427,46,1
427,5,1
428,17,1
428,37,1
428,23,1
428,49,1
428,20,1
428,53,1
428,4,1
428,16,1
428,25,0
429,0,1
429,23,1
429,49,1
429,2,1
429,4,1
429,1,1
430,0,1
430,23,1
430,8,1
430,9,1
430,4,1
430,1,1
430,5,1
430,64,0
431,23,1
431,8,1
431,42,1
431,1,1
431,60,1
431,16,1
431,5,1
432,40,1
432,5,1
432,8,1
432,20,1
432,52,1
432,6,1
432,84,1
432,22,1
432,2,1
432,4,1
432,16,1
433,6,1
433,35,1
433,1,1
433,60,1
433,68,1
433,5,1
433,25,0
433,55,0
434,48,1
434,40,1
434,0,1
434,23,1
434,5,1
434,8,1
434,52,1
434,6,1
434,25,1
434,4,1
434,1,1
434,46,1
434,16,1
434,55,1
435,17,1
435,0,1
435,30,1
435,2,1
435,53,1
435,4,1
435,9,1
435,1,1
435,5,1
435,48,0
435,40,0
435,103,0
435,114,0
435,73,0
436,37,1
436,23,1
436,49,1
436,6,1
436,25,1
436,1,1
436,46,1
436,72,1
436,5,1
436,55,1
437,0,1
437,5,1
437,8,1
437,6,1
437,35,1
437,2,1
437,4,1
437,46,0
437,55,0
438,0,1
438,49,1
438,50,1
438,6,1
438,35,1
438,22,1
438,2,1
438,26,1
438,4,1
438,67,1
438,31,1
438,12,1
438,56,1
438,78,1
438,8,1
438,62,1
438,38,1
438,53,1
438,138,1
438,44,1
438,1,1
438,46,1
438,16,1
438,37,0
438,32,0
438,25,0
438,74,0
438,64,0
438,55,0
439,37,1
439,23,1
439,25,1
439,1,1
439,5,1
439,55,1
440,23,1
440,59,1
440,2,1
440,56,0
440,0,0
440,78,0
440,1,0
440,46,0
440,5,0
441,0,1
441,38,1
441,25,1
441,4,1
441,1,1
441,5,1
441,55,1
442,0,1
442,23,1
442,27,1
442,13,1
442,35,1
442,38,1
442,25,1
442,4,1
442,103,1
442,45,1
442,5,1
442,49,0
443,0,1
443,8,1
443,35,1
443,59,1
443,38,1
443,4,1
443,103,1
443,1,1
443,5,1
443,55,0
444,0,1
444,4,1
444,8,1
444,11,1
444,1,1
444,5,1
445,17,1
445,8,1
445,52,1
445,13,1
445,6,1
445,35,1
445,107,1
445,16,1
445,42,0
445,48,0
445,12,0
445,53,0
445,56,0
445,97,0
445,95,0
446,25,1
446,23,1
446,8,1
446,11,1
446,55,1
446,5,1
446,48,0
446,38,0
446,4,0
446,1,0
446,6,0
447,38,1
447,2,1
447,22,1
447,12,1
447,4,1
447,8,1
447,120,0
447,1,0
447,30,0
447,118,0
447,52,0
447,5,0
448,0,1
448,43,1
448,30,1
448,13,1
448,35,1
448,107,1
448,55,1
448,23,1
448,8,1
448,1,1
448,32,1
448,5,1
449,12,1
449,23,1
449,5,1
449,8,1
449,27,1
449,34,1
449,10,0
449,16,0
450,48,1
450,10,1
450,0,1
450,8,1
450,6,1
450,1,1
450,46,1
450,32,1
450,5,1
451,12,1
451,40,1
451,23,1
451,6,1
451,63,1
451,2,1
451,1,1
451,5,1
452,17,1
452,8,1
452,16,1
453,0,1
453,23,1
453,5,1
453,49,1
453,59,1
453,2,1
453,26,1
453,46,0
453,1,0
454,0,1
454,8,1
454,6,1
454,2,1
454,25,1
454,4,1
454,55,1
455,0,1
455,6,1
455,22,1
455,2,1
455,4,1
455,60,1
455,48,1
455,56,1
455,23,1
455,21,1
455,52,1
455,1,1
455,46,1
455,16,1
455,5,1
455,10,0
455,89,0
455,27,0
455,13,0
455,88,0
455,103,0
455,93,0
456,31,1
456,132,1
456,0,1
456,23,1
456,16,1
456,6,1
456,2,1
456,34,1
456,4,1
456,44,1
456,1,1
457,0,1
457,23,1
457,5,1
457,6,1
457,34,1
457,1,1
457,46,1
457,16,1
457,67,1
457,25,0
457,37,0
458,23,1
458,5,1
458,8,1
458,49,1
458,11,1
458,6,1
458,25,1
458,1,1
458,80,1
458,55,1
458,72,0
459,51,1
459,125,1
459,99,1
459,25,0
459,23,0
459,1,0
459,49,0
459,72,0
459,32,0
459,55,0
459,62,0
460,20,1
460,49,1
460,2,1
460,4,1
460,5,1
460,23,1
460,8,1
460,9,1
460,53,1
460,46,0
460,1,0
461,25,1
461,23,1
461,1,1
461,60,1
461,55,1
461,133,0
461,0,0
461,67,0
461,62,0
461,131,0
462,100,1
462,106,1
462,5,1
462,23,1
462,20,1
462,109,1
462,52,1
462,4,1
462,93,1
462,25,0
462,46,0
463,0,1
463,50,1
463,13,1
463,6,1
463,2,1
463,4,1
463,48,1
463,23,1
463,11,1
463,38,1
463,103,1
463,1,1
463,32,1
463,5,1
463,121,0
463,25,0
463,46,0
464,48,1
464,23,1
464,6,1
464,35,1
464,53,1
464,26,1
464,0,0
464,16,0
464,52,0
464,106,0
464,1,0
465,12,1
465,23,1
465,5,1
465,8,1
465,13,1
465,62,1
465,25,1
465,53,1
465,42,0
466,25,1
466,4,1
466,23,1
466,8,1
466,1,1
466,46,1
466,16,1
467,28,1
467,0,1
467,30,1
467,8,1
467,1,1
467,5,1
468,31,1
468,0,1
468,43,1
468,23,1
468,8,1
468,30,1
468,20,1
468,96,1
468,13,1
468,2,1
468,4,1
468,65,1
468,32,1
468,5,1
468,1,0
469,48,1
469,0,1
469,69,1
469,2,1
469,4,1
469,1,1
469,60,1
469,16,1
469,5,0
470,31,1
470,12,1
470,5,1
470,8,1
470,52,1
470,16,1
470,2,1
470,1,1
470,46,1
470,60,1
470,36,1
471,28,1
471,0,1
471,23,1
471,38,1
471,4,1
471,1,1
471,60,1
471,5,1
471,78,0
472,40,1
472,23,1
472,2,1
472,25,1
472,1,1
472,5,1
472,55,1
473,28,1
473,106,1
473,43,1
473,20,1
473,131,1
473,42,1
473,14,1
473,114,1
473,73,1
473,31,1
473,12,1
473,10,1
473,40,1
473,37,1
473,11,1
473,21,1
473,70,1
473,103,1
473,29,1
473,138,1
473,44,1
473,48,0
473,56,0
473,78,0
473,49,0
473,101,0
474,0,1
474,23,1
474,75,1
474,2,1
474,1,1
474,60,1
474,5,1
474,25,0
475,20,1
475,35,1
475,38,1
475,2,1
475,4,1
475,1,1
475,46,1
475,5,1
476,40,1
476,8,1
476,6,1
476,34,1
476,16,1
476,48,0
476,25,0
476,70,0
476,37,0
476,23,0
476,5,0
477,12,1
477,40,1
477,23,1
477,8,1
477,27,1
477,6,1
477,4,1
477,1,1
477,16,1
477,5,1
477,46,0
477,25,0
478,17,1
478,0,1
478,23,1
478,5,1
478,52,1
478,6,1
478,2,1
478,25,1
478,1,1
478,55,1
479,17,1
479,0,1
479,6,1
479,22,1
479,38,1
479,4,1
479,1,1
479,5,1
479,48,0
479,40,0
479,13,0
480,0,1
480,2,1
480,25,1
480,4,1
480,61,1
480,37,1
480,23,1
480,11,1
480,52,1
480,38,1
480,53,1
480,1,1
480,16,1
480,5,1
480,78,0
481,6,1
481,22,1
481,2,1
481,4,1
481,12,1
481,104,1
481,53,1
481,1,1
481,32,1
481,68,1
481,5,1
481,0,1
481,34,1
481,31,1
481,8,1
481,21,1
481,138,1
481,29,1
481,46,1
481,13,0
481,131,0
481,42,0
481,133,0
481,25,0
481,99,0
481,55,0
481,10,0
481,51,0
481,89,0
481,23,0
481,72,0
481,16,0
481,67,0
482,0,1
482,75,1
482,26,1
482,8,1
482,27,1
482,93,1
482,1,1
482,45,1
482,5,1
482,23,0
483,6,1
483,59,1
483,2,1
483,42,1
483,25,1
483,4,1
483,67,1
483,48,1
483,12,1
483,10,1
483,23,1
483,11,1
483,44,1
483,1,1
483,16,1
483,5,1
483,55,0
484,0,1
484,23,1
484,8,1
484,20,1
484,2,1
484,4,1
484,1,1
484,46,1
484,16,1
484,105,0
484,13,0
484,104,0
484,65,0
485,17,1
485,23,1
485,35,1
485,2,1
485,9,1
485,4,1
485,46,1
485,5,1
485,25,0
485,1,0
486,31,1
486,48,1
486,5,1
486,8,1
486,6,1
486,2,1
486,93,1
486,1,1
486,16,1
486,95,1
487,13,1
487,2,1
487,25,1
487,23,1
487,1,1
487,46,1
487,16,1
488,5,1
488,8,1
488,20,1
488,4,1
488,1,1
488,46,1
489,0,1
489,35,1
489,2,1
489,25,1
489,4,1
489,55,1
489,23,1
489,5,1
489,56,0
489,37,0
489,13,0
489,1,0
490,30,1
490,18,1
490,1,1
490,16,1
490,5,1
490,32,0
490,13,0
491,0,1
491,4,1
491,39,1
491,10,1
491,12,1
491,23,1
491,8,1
491,104,1
491,1,1
491,5,1
491,25,0
492,6,1
492,22,1
492,4,1
492,67,1
492,12,1
492,40,1
492,23,1
492,8,1
492,52,1
492,1,1
492,5,1
493,23,1
493,8,1
493,52,1
493,6,1
493,35,1
493,1,1
493,16,1
493,5,1
493,0,0
493,46,0
494,40,1
494,0,1
494,8,1
494,35,1
494,38,1
494,25,1
494,5,1
494,55,0
495,0,1
495,23,1
495,6,1
495,2,1
495,4,1
495,1,1
495,73,1
495,5,1
495,46,0
495,13,0
496,28,1
496,0,1
496,8,1
496,35,1
496,5,1
497,31,1
497,40,1
497,23,1
497,5,1
497,8,1
497,13,1
497,2,1
497,25,1
497,4,1
497,88,0
498,0,1
498,23,1
498,2,1
498,4,1
498,1,1
498,46,1
499,10,1
499,23,1
499,8,1
499,6,1
499,62,1
499,93,1
499,1,1
499,5,1
499,48,0
499,25,0
499,100,0
499,0,0
499,26,0
499,67,0
500,25,1
500,16,1
500,23,1
500,40,0
500,5,0
501,23,1
501,8,1
501,6,1
501,1,1
501,46,1
501,5,1
501,107,0
502,23,1
502,8,1
502,53,1
502,4,1
502,1,1
502,60,1
502,5,1
502,48,0
502,13,0
503,48,1
503,61,1
503,0,1
503,5,1
503,8,1
503,27,1
503,2,1
503,4,1
503,45,1
503,78,0
503,101,0
503,46,0
503,49,0
504,0,1
504,23,1
504,5,1
504,27,1
504,6,1
504,35,1
504,2,1
504,4,1
504,1,1
504,46,1
505,0,1
505,8,1
505,6,1
505,4,1
505,1,1
505,46,1
505,5,1
505,107,0
505,106,0
505,32,0
506,40,1
506,8,1
506,4,1
506,1,1
506,5,1
507,40,1
507,23,1
507,6,1
507,35,1
507,1,1
507,5,1
508,23,1
508,6,1
508,2,1
508,25,1
508,1,1
508,46,1
508,5,1
509,23,1
509,5,1
509,6,1
509,2,1
509,25,1
509,4,1
509,32,1
509,55,1
509,1,0
509,46,0
510,23,1
510,49,1
510,2,1
510,4,1
510,5,1
511,5,1
511,8,1
511,20,1
511,6,1
511,38,1
511,4,1
511,29,1
511,1,1
511,53,0
512,0,1
512,23,1
512,6,1
512,4,1
512,1,1
512,32,1
513,23,1
513,25,1
513,1,1
513,16,1
513,5,1
513,55,1
514,8,1
514,20,1
514,52,1
514,6,1
514,4,1
514,5,1
514,2,0
514,0,0
514,1,0
514,46,0
515,0,1
515,104,1
515,8,1
515,84,1
515,4,1
515,46,1
515,32,1
515,13,0
516,6,1
516,35,1
516,4,1
516,67,1
516,10,1
516,1,1
516,46,1
516,5,1
517,23,1
517,5,1
517,8,1
517,6,1
517,1,1
517,60,1
517,46,0
517,2,0
517,17,0
518,12,1
518,23,1
518,8,1
518,49,1
518,6,1
518,112,1
518,9,1
518,4,1
518,1,1
518,46,1
518,5,1
518,55,0
518,25,0
519,40,1
519,23,1
519,8,1
519,6,1
519,93,1
519,1,1
519,5,1
519,25,0
519,55,0
520,13,1
520,34,1
520,1,1
521,0,1
521,50,1
521,6,1
521,4,1
521,138,1
521,46,1
521,5,1
521,40,0
521,93,0
522,0,1
522,23,1
522,25,1
522,5,1
522,55,1
522,60,0
522,65,0
523,40,1
523,8,1
523,30,1
523,20,1
523,35,1
523,22,1
523,4,1
523,1,1
523,5,1
523,0,0
523,23,0
524,8,1
524,93,1
524,65,1
524,1,1
524,5,1
525,23,1
525,8,1
525,6,1
525,1,1
525,46,1
525,5,1
525,40,0
526,0,1
526,23,1
526,8,1
526,6,1
526,35,1
526,2,1
526,53,1
526,4,1
526,1,1
526,46,1
526,5,1
527,8,1
527,69,1
527,16,1
527,1,1
527,5,1
527,18,0
527,10,0
528,48,1
528,106,1
528,23,1
528,8,1
528,6,1
528,60,1
528,5,1
528,25,0
528,40,0
528,1,0
528,49,0
528,52,0
528,64,0
529,40,1
529,23,1
529,5,1
529,6,1
529,37,0
529,16,0
529,34,0
529,25,0
529,1,0
530,0,1
530,6,1
530,13,1
530,35,1
530,22,1
530,2,1
530,4,1
530,26,1
530,114,1
530,31,1
530,61,1
530,17,1
530,37,1
530,5,1
530,8,1
530,38,1
530,53,1
530,103,1
530,1,1
530,46,1
530,32,1
530,48,0
530,18,0
530,25,0
530,55,0
531,31,1
531,0,1
531,5,1
531,8,1
531,27,1
531,13,1
531,6,1
531,2,1
531,1,1
531,48,0
531,4,0
532,107,1
532,60,1
532,12,1
532,5,1
532,23,1
532,8,1
532,1,1
532,67,1
532,25,0
533,51,1
533,0,1
533,23,1
533,20,1
533,6,1
533,2,1
533,4,1
533,44,1
533,1,1
533,49,0
533,25,0
534,37,1
534,4,1
534,73,1
534,8,0
534,26,0
534,5,0
535,0,1
535,23,1
535,8,1
535,13,1
535,2,1
535,25,1
535,4,1
535,5,1
536,25,1
536,53,1
536,103,1
536,23,1
536,1,1
536,12,0
536,40,0
536,13,0
536,6,0
536,38,0
536,67,0
537,0,1
537,23,1
537,62,1
537,112,1
537,4,1
537,1,1
537,60,1
537,5,1
537,25,0
538,40,1
538,106,1
538,23,1
538,5,1
538,8,1
538,49,1
538,27,1
538,6,1
538,25,1
538,45,1
538,55,1
538,61,0
538,0,0
538,72,0
539,0,1
539,6,1
539,42,1
539,34,1
539,2,1
539,25,1
539,67,1
539,55,1
539,17,1
539,23,1
539,109,1
539,53,1
539,1,1
539,16,1
539,5,1
539,88,0
539,10,0
539,13,0
539,131,0
540,0,1
540,23,1
540,5,1
540,6,1
540,4,1
540,1,1
540,67,1
541,56,1
541,8,1
541,13,1
541,4,1
541,25,0
541,23,0
541,1,0
541,67,0
541,55,0
542,13,1
542,6,1
542,22,1
542,2,1
542,48,1
542,12,1
542,23,1
542,8,1
542,52,1
542,1,1
542,16,1
542,30,0
542,18,0
542,5,0
543,23,1
543,35,1
543,131,1
543,2,1
543,1,1
543,5,1
543,67,0
544,0,1
544,49,1
544,6,1
544,35,1
544,59,1
544,2,1
544,4,1
544,12,1
544,17,1
544,8,1
544,1,1
544,16,1
544,23,0
544,5,0
544,30,0
544,42,0
544,25,0
544,55,0
545,22,1
545,8,1
545,6,1
545,5,1
545,61,0
545,0,0
545,20,0
545,27,0
545,38,0
545,1,0
546,2,1
546,40,1
546,4,1
546,106,1
546,0,1
546,8,1
546,20,1
546,6,1
546,5,1
546,25,0
546,46,0
546,105,0
546,13,0
547,0,1
547,23,1
547,5,1
547,35,1
547,25,1
547,4,1
547,53,1
548,40,1
548,0,1
548,104,1
548,6,1
548,2,1
548,4,1
548,1,1
548,5,1
548,23,0
548,25,0
549,4,1
549,0,1
549,94,1
549,5,1
549,23,0
549,8,0
549,11,0
549,2,0
549,25,0
549,55,0
550,10,1
550,23,1
550,25,1
550,1,1
550,55,1
550,48,0
551,48,1
551,0,1
551,23,1
551,5,1
551,6,1
551,4,1
551,1,1
551,60,1
551,107,0
551,8,0
552,61,1
552,23,1
552,8,1
552,16,1
552,6,1
552,62,1
552,53,1
552,1,1
552,5,1
552,48,0
552,25,0
553,0,1
553,23,1
553,20,1
553,25,1
553,1,1
553,5,1
554,0,1
554,20,1
554,32,1
554,2,1
554,4,1
554,38,1
554,53,1
554,93,1
554,1,1
554,5,1
554,88,0
554,25,0
554,23,0
554,27,0
554,13,0
554,55,0
555,23,1
555,5,1
555,8,1
555,6,1
555,22,1
555,95,1
555,16,1
556,0,1
556,2,1
556,4,1
556,23,1
556,104,1
556,8,1
556,62,1
556,1,1
556,46,1
556,5,1
557,12,1
557,0,1
557,23,1
557,104,1
557,8,1
557,2,1
557,4,1
557,1,1
557,46,1
557,97,1
557,5,1
558,23,1
558,13,1
558,4,1
558,1,1
558,5,1
558,106,0
559,23,1
559,52,1
559,6,1
559,29,1
559,1,1
559,16,1
559,5,1
559,25,0
559,40,0
559,93,0
559,55,0
559,32,0
560,28,1
560,12,1
560,23,1
560,8,1
560,52,1
560,6,1
560,35,1
560,62,1
560,4,1
560,60,1
560,16,1
560,32,1
560,40,0
560,37,0
560,0,0
560,2,0
560,1,0
560,5,0
561,0,1
561,2,1
561,25,1
561,65,1
561,55,1
561,12,1
561,23,1
561,8,1
561,11,1
561,53,1
561,16,1
561,5,1
561,42,0
561,4,0
561,138,0
561,1,0
562,0,1
562,25,1
562,12,1
562,23,1
562,53,1
562,1,1
562,46,1
562,5,1
563,20,1
563,6,1
563,25,1
563,4,1
563,55,1
563,40,1
563,23,1
563,5,1
563,8,1
563,1,1
563,46,1
563,16,1
563,32,1
563,48,0
563,13,0
564,0,1
564,49,1
564,2,1
564,25,1
564,4,1
564,55,1
564,48,1
564,5,1
564,23,1
564,38,1
564,53,1
564,1,1
565,31,1
565,0,1
565,23,1
565,30,1
565,59,1
565,2,1
565,4,1
565,1,1
565,46,1
565,5,1
565,54,0
565,32,0
566,0,1
566,23,1
566,27,1
566,59,1
566,1,1
566,5,1
566,88,0
566,13,0
567,8,1
567,13,1
567,46,0
568,5,1
568,25,1
568,9,1
568,1,1
568,4,0
568,0,0
568,46,0
569,23,1
569,52,1
569,13,1
569,88,1
569,2,1
569,4,1
569,26,1
569,1,1
569,46,1
569,5,1
570,0,1
570,23,1
570,8,1
570,38,1
570,1,1
571,0,1
571,13,1
571,6,1
571,16,1
571,34,1
571,60,1
571,12,1
571,37,1
571,8,1
571,11,1
571,5,1
571,38,1
571,1,1
571,105,1
571,67,1
572,0,1
572,49,1
572,6,1
572,4,1
572,12,1
572,23,1
572,5,1
572,97,1
572,61,0
572,8,0
572,13,0
572,1,0
572,45,0
573,5,1
573,8,1
573,6,1
573,25,0
573,23,0
573,1,0
573,11,0
573,27,0
574,40,1
574,23,1
574,5,1
574,8,1
574,18,1
574,6,1
574,34,1
574,4,1
574,1,1
574,16,1
574,67,1
575,0,1
575,5,1
575,8,1
575,6,1
575,4,1
575,1,1
575,48,0
575,23,0
576,48,1
576,23,1
576,5,1
576,8,1
576,16,1
576,92,1
576,42,1
576,34,1
576,1,1
576,25,0
577,0,1
577,104,1
577,8,1
577,13,1
577,38,1
577,4,1
577,103,1
577,105,1
577,5,1
577,75,0
577,16,0
578,0,1
578,23,1
578,5,1
578,6,1
578,53,1
578,73,1
578,114,0
578,16,0
579,48,1
579,23,1
579,35,1
579,2,1
579,34,1
579,1,1
579,16,1
579,46,0
579,99,0
579,17,0
579,51,0
579,103,0
579,13,0
580,0,1
580,22,1
580,34,1
580,93,1
580,5,1
580,27,0
581,4,1
581,40,1
581,56,1
581,93,1
581,5,1
582,31,1
582,0,1
582,8,1
582,22,1
582,2,1
582,4,1
582,1,1
582,5,1
582,59,0
583,49,1
583,50,1
583,2,1
583,25,1
583,4,1
583,26,1
583,60,1
583,23,1
583,53,1
583,32,1
583,64,1
584,23,1
584,52,1
584,6,1
584,68,1
584,5,1
584,25,0
584,1,0
585,5,1
585,13,1
585,4,1
585,1,1
585,46,1
586,23,1
586,1,1
586,5,1
586,11,0
587,26,1
587,1,0
588,40,1
588,0,1
588,23,1
588,8,1
588,6,1
588,22,1
588,9,1
588,1,1
588,5,1
588,70,0
589,100,1
589,0,1
589,109,1
589,6,1
589,22,1
589,4,1
590,0,1
590,8,1
590,6,1
590,131,1
590,1,1
590,67,0
591,0,1
591,23,1
591,8,1
591,20,1
591,2,1
591,4,1
591,1,1
591,5,1
591,40,0
591,6,0
591,67,0
592,23,1
592,52,1
592,13,1
592,6,1
592,35,1
592,46,1
592,1,0
593,0,1
593,49,1
593,32,1
593,63,1
593,2,1
593,22,1
593,25,1
593,4,1
593,48,1
593,55,1
593,61,1
593,40,1
593,5,1
593,23,1
593,8,1
593,11,1
593,27,1
593,53,1
593,1,1
593,17,0
593,13,0
593,62,0
593,26,0
593,46,0
593,16,0
594,0,1
594,23,1
594,8,1
594,84,1
594,38,1
594,2,1
594,4,1
594,16,1
594,5,1
594,13,0
595,0,1
595,30,1
595,6,1
595,2,1
595,25,1
595,4,1
595,55,1
595,23,1
595,104,1
595,8,1
595,53,1
595,135,1
595,1,1
595,46,1
595,5,1
595,48,0
595,13,0
595,103,0
596,37,1
596,23,1
596,6,1
596,1,1
596,46,1
596,32,1
596,5,1
596,45,0
596,25,0
596,27,0
597,51,1
597,0,1
597,8,1
597,30,1
597,5,1
598,0,1
598,13,1
598,6,1
598,2,1
598,25,1
598,4,1
598,73,1
598,55,1
598,104,1
598,8,1
598,23,1
598,38,1
598,53,1
598,1,1
598,32,1
598,5,1
598,48,0
598,103,0
599,0,1
599,23,1
599,5,1
599,52,1
599,36,1
599,16,1
599,32,1
599,48,0
599,25,0
600,23,1
600,67,1
600,27,1
600,6,1
600,2,1
600,1,1
600,46,1
600,5,1
600,25,0
601,49,1
601,25,1
601,55,1
601,23,1
601,1,1
601,5,1
601,61,0
602,0,1
602,30,1
602,13,1
602,6,1
602,35,1
602,22,1
602,42,1
602,4,1
602,139,1
602,10,1
602,12,1
602,17,1
602,23,1
602,8,1
602,97,1
602,16,1
602,32,1
602,5,1
602,48,0
602,40,0
602,49,0
602,25,0
602,79,0
602,1,0
602,46,0
603,6,1
603,23,1
603,52,1
603,13,1
603,48,0
603,5,0
603,25,0
603,4,0
603,1,0
604,0,1
604,23,1
604,35,1
604,2,1
604,25,1
604,1,1
604,5,1
604,46,0
605,12,1
605,0,1
605,8,1
605,11,1
605,6,1
605,22,1
605,2,1
605,25,1
605,4,1
605,29,1
605,32,1
605,5,1
605,55,1
605,49,0
605,13,0
605,48,0
605,17,0
605,38,0
605,88,0
605,103,0
606,13,1
606,6,1
606,2,1
606,25,1
606,4,1
606,122,1
606,17,1
606,1,1
606,67,1
606,5,1
606,106,1
606,35,1
606,23,1
606,8,1
606,0,0
606,105,0
606,131,0
607,23,1
607,8,1
607,49,1
607,6,1
607,25,1
607,53,1
607,107,1
607,1,1
607,5,1
608,0,1
608,23,1
608,84,1
608,38,1
608,4,1
608,1,1
609,48,1
609,23,1
609,8,1
609,2,1
609,4,1
609,1,1
609,46,1
609,5,1
609,25,0
609,107,0
609,49,0
609,16,0
609,13,0
610,23,1
610,5,1
610,8,1
610,25,1
610,93,1
610,4,0
610,20,0
611,0,1
611,6,1
611,84,1
611,2,1
611,25,1
611,4,1
611,23,1
611,8,1
611,38,1
611,53,1
611,1,1
611,5,1
611,67,0
612,31,1
612,23,1
612,8,1
612,35,1
612,2,1
612,25,1
612,4,1
612,1,1
612,46,1
612,5,1
612,121,0
612,13,0
613,0,1
613,8,1
613,38,1
613,2,1
613,4,1
613,5,1
614,8,1
614,6,1
614,93,1
614,5,1
614,25,0
614,1,0
614,55,0
615,6,1
615,25,1
615,60,1
615,73,1
615,39,1
615,55,1
615,23,1
615,8,1
615,1,1
615,5,1
616,48,1
616,23,1
616,22,1
616,2,1
616,25,1
616,1,1
616,5,1
616,4,0
617,23,1
617,2,1
617,4,1
617,1,1
617,48,0
617,25,0
617,93,0
617,6,0
617,5,0
618,0,1
618,49,1
618,25,1
618,4,1
618,23,1
618,8,1
618,5,1
619,23,1
619,8,1
619,1,1
619,5,1
619,25,0
620,30,1
620,35,1
620,4,1
620,8,1
620,38,1
620,9,1
620,1,1
620,5,1
621,0,1
621,43,1
621,104,1
621,30,1
621,8,1
621,6,1
621,38,1
621,32,1
621,5,1
621,48,0
621,49,0
621,60,0
621,135,0
621,67,0
621,1,0
622,17,1
622,23,1
622,2,1
622,4,1
622,46,1
623,0,1
623,23,1
623,6,1
623,38,1
623,46,1
623,5,1
624,11,1
624,6,1
624,59,1
624,2,1
624,4,1
624,1,1
624,46,1
624,5,1
624,23,0
625,2,1
625,4,1
625,46,1
625,16,1
625,5,1
625,20,0
626,23,1
626,1,1
626,5,1
626,22,0
626,48,0
627,0,1
627,23,1
627,25,1
627,4,1
627,5,1
627,55,1
627,1,0
627,46,0
627,18,0
627,16,0
627,52,0
627,21,0
628,48,1
628,6,1
628,25,1
628,53,1
628,5,1
628,55,1
628,1,0
629,48,1
629,106,1
629,0,1
629,23,1
629,5,1
629,8,1
629,6,1
629,62,1
629,22,1
629,2,1
629,38,1
629,25,1
629,4,1
629,1,1
629,46,1
630,10,1
630,100,1
630,23,1
630,8,1
630,11,1
630,6,1
630,62,1
630,25,1
630,1,1
630,5,1
630,55,1
631,0,1
631,8,1
631,30,1
631,20,1
631,6,1
631,2,1
631,4,1
631,1,1
631,46,1
631,32,1
631,5,1
631,40,0
631,11,0
631,13,0
632,12,1
632,23,1
632,8,1
632,5,1
632,13,1
632,6,1
632,22,1
632,25,1
632,53,1
632,103,1
632,26,1
632,42,0
633,0,1
633,13,1
633,6,1
633,60,1
633,51,1
633,23,1
633,8,1
633,5,1
633,52,1
633,70,1
633,103,1
633,1,1
633,16,1
633,67,1
633,37,0
633,25,0
633,53,0
634,0,1
634,13,1
634,6,1
634,59,1
634,2,1
634,25,1
634,4,1
634,55,1
634,48,1
634,56,1
634,23,1
634,38,1
634,53,1
634,138,1
634,44,1
634,1,1
634,46,1
634,5,1
634,78,0
634,67,0
634,131,0
635,0,1
635,20,1
635,6,1
635,4,1
635,60,1
635,48,1
635,11,1
635,38,1
635,1,1
635,5,1
636,0,1
636,23,1
636,20,1
636,69,1
636,2,1
636,25,1
636,72,1
636,16,0
636,64,0
636,39,0
636,55,0
637,48,1
637,40,1
637,23,1
637,8,1
637,52,1
637,6,1
637,62,1
637,2,1
637,9,1
637,1,1
637,5,1
637,107,0
638,6,1
638,4,1
638,8,1
638,38,1
638,9,1
638,1,1
638,5,1
639,1,1
639,6,1
639,25,0
639,93,0
639,5,0
640,20,1
640,50,1
640,13,1
640,6,1
640,22,1
640,2,1
640,25,1
640,4,1
640,26,1
640,55,1
640,10,1
640,37,1
640,11,1
640,52,1
640,53,1
640,1,1
640,36,1
640,32,1
640,5,1
640,0,1
640,30,1
640,49,1
640,35,1
640,34,1
640,23,1
640,8,1
640,18,1
640,69,1
640,29,1
640,46,1
640,16,1
640,78,0
640,103,0
641,106,1
641,0,1
641,23,1
641,8,1
641,52,1
641,6,1
641,25,1
641,1,1
641,16,1
641,5,1
642,0,1
642,91,1
642,35,1
642,2,1
642,4,1
642,31,1
642,104,1
642,46,1
642,32,1
642,5,1
642,67,0
642,1,0
643,23,1
643,34,1
643,1,1
643,46,1
643,5,1
643,25,0
644,64,1
644,106,1
644,23,1
644,30,1
644,52,1
644,6,1
644,25,1
644,9,1
644,1,1
644,60,1
644,73,1
644,32,1
644,5,1
644,55,1
645,0,1
645,23,1
645,30,1
645,38,1
645,2,1
645,25,1
645,1,1
645,32,1
645,103,0
645,105,0
645,13,0
645,5,0
645,47,0
646,0,1
646,23,1
646,5,1
646,35,1
646,2,1
646,25,1
646,53,1
646,105,1
647,48,1
647,23,1
647,2,1
647,1,1
647,43,0
647,30,0
647,25,0
647,73,0
647,5,0
647,55,0
648,40,1
648,6,1
648,38,1
648,2,1
648,25,1
648,1,1
648,5,1
649,138,1
649,23,1
649,1,1
649,46,1
649,49,0
649,6,0
649,25,0
649,5,0
650,12,1
650,23,1
650,8,1
650,49,1
650,25,1
650,72,1
650,97,1
650,5,1
650,55,1
651,0,1
651,13,1
651,22,1
651,2,1
651,38,1
651,4,1
651,1,1
651,46,1
651,60,1
651,16,1
651,32,1
651,55,0
652,12,1
652,23,1
652,5,1
652,8,1
652,25,1
652,1,1
652,60,1
652,32,1
652,67,1
653,0,1
653,23,1
653,109,1
653,6,1
653,62,1
653,53,1
653,138,1
653,46,1
653,100,0
654,0,1
654,23,1
654,59,1
654,2,1
654,4,1
654,1,1
654,60,1
654,5,1
654,38,0
655,23,1
655,8,1
655,59,1
655,2,1
655,4,1
655,1,1
655,31,0
655,61,0
655,25,0
655,49,0
655,11,0
655,45,0
655,5,0
655,55,0
656,23,1
656,30,1
656,2,1
656,25,1
656,4,1
656,1,1
656,46,1
656,32,1
656,5,1
656,55,1
657,0,1
657,6,1
657,2,1
657,25,1
657,4,1
657,7,1
657,23,1
657,8,1
657,93,1
657,1,1
657,46,1
657,16,1
657,64,1
657,5,1
657,53,0
657,37,0
657,40,0
658,28,1
658,10,1
658,0,1
658,23,1
658,5,1
658,35,1
658,55,0
658,25,0
659,49,1
659,22,1
659,2,1
659,4,1
659,93,1
659,46,1
659,5,0
660,48,1
660,40,1
660,23,1
660,8,1
660,16,1
660,6,1
660,59,1
660,2,1
660,4,1
660,1,1
660,46,1
660,5,1
660,27,0
660,45,0
660,61,0
661,43,1
661,30,1
661,13,1
661,44,1
661,1,1
661,5,1
661,55,1
661,10,0
662,0,1
662,8,1
662,4,1
662,1,1
662,5,1
662,107,0
662,13,0
663,100,1
663,62,1
664,0,1
664,6,1
664,2,1
664,4,1
664,48,1
664,10,1
664,40,1
664,8,1
664,52,1
664,1,1
664,46,1
664,32,1
664,5,1
664,37,0
664,89,0
665,0,1
665,23,1
665,5,1
665,8,1
665,13,1
665,32,1
665,25,1
665,1,1
665,60,1
665,55,1
666,20,1
666,35,1
666,22,1
666,17,0
666,101,0
667,48,1
667,40,1
667,0,1
667,23,1
667,6,1
667,38,1
667,2,1
667,4,1
667,46,1
667,5,1
668,48,1
668,23,1
668,8,1
668,4,1
668,1,1
668,32,1
668,5,1
669,48,1
669,0,1
669,23,1
669,8,1
669,20,1
669,6,1
669,2,1
669,53,1
669,4,1
669,1,1
669,5,1
669,31,0
669,46,0
670,50,1
670,25,1
670,4,1
670,71,1
670,23,1
670,53,1
670,9,1
670,0,0
670,13,0
670,6,0
670,32,0
670,34,0
670,1,0
670,16,0
671,12,1
671,0,1
671,104,1
671,23,1
671,8,1
671,20,1
671,38,1
671,25,1
671,4,1
671,46,1
671,5,1
672,40,1
672,56,1
672,23,1
672,1,1
672,5,1
673,0,1
673,23,1
673,8,1
673,38,1
673,2,1
673,53,1
673,4,1
673,107,1
673,1,1
673,5,1
673,25,0
674,20,1
674,4,1
674,1,1
674,25,0
674,23,0
674,8,0
674,72,0
674,16,0
674,6,0
674,55,0
675,23,1
675,8,1
675,4,1
675,93,1
675,5,0
675,25,0
675,9,0
676,23,1
676,5,1
676,0,0
676,104,0
676,25,0
676,16,0
677,17,1
677,0,1
677,23,1
677,5,1
677,8,1
677,49,1
677,26,1
677,1,1
677,32,1
677,25,0
677,27,0
677,45,0
677,61,0
678,0,1
678,23,1
678,5,1
678,6,1
678,35,1
678,25,1
678,4,1
678,32,1
678,55,1
679,37,1
679,38,0
679,22,0
679,42,0
679,12,0
679,1,0
679,8,0
680,48,1
680,78,1
680,23,1
680,8,1
680,25,1
680,1,1
680,5,1
680,0,0
680,6,0
681,0,1
681,23,1
681,6,1
681,38,1
681,2,1
681,4,1
681,1,1
681,46,1
681,60,1
681,16,1
681,5,1
681,25,0
682,23,1
682,5,1
682,8,1
682,59,1
682,2,1
682,25,1
682,4,1
682,26,1
682,1,1
682,37,0
682,67,0
683,48,1
683,8,1
683,6,1
683,2,1
683,25,1
683,107,1
683,1,1
683,81,1
683,5,1
684,23,1
684,5,1
684,18,1
684,27,1
684,35,1
684,25,1
684,4,1
684,16,1
685,0,1
685,23,1
685,27,1
685,6,1
685,2,1
685,25,1
685,4,1
685,1,1
685,46,1
685,67,1
685,5,0
686,10,1
686,40,1
686,8,1
686,6,1
686,2,1
686,4,1
686,1,1
686,16,1
686,5,1
686,55,1
686,93,0
686,46,0
686,49,0
687,0,1
687,23,1
687,8,1
687,20,1
687,35,1
687,38,1
687,22,1
687,4,1
687,1,1
687,60,1
687,25,0
687,92,0
687,55,0
688,40,1
688,23,1
688,8,1
688,4,1
688,1,1
688,5,1
689,0,1
689,23,1
689,8,1
689,53,1
689,4,1
689,5,1
689,128,0
690,13,1
690,6,1
690,25,1
690,4,1
690,23,1
690,5,1
690,52,1
690,38,0
690,22,0
690,1,0
691,12,1
691,8,1
691,6,1
691,107,1
691,1,1
691,68,1
692,0,1
692,23,1
692,8,1
692,13,1
692,34,1
692,25,1
692,103,1
692,1,1
692,16,1
692,5,1
693,23,1
693,2,1
693,1,1
693,5,1
693,17,0
693,0,0
693,64,0
694,56,1
694,23,1
694,5,1
694,13,1
694,62,1
694,25,1
694,4,1
694,32,1
694,55,1
695,10,1
695,23,1
695,8,1
695,2,1
695,25,1
695,53,1
695,4,1
695,1,1
695,5,1
695,55,1
696,0,1
696,23,1
696,8,1
696,6,1
696,38,1
696,9,1
696,4,1
696,107,1
696,1,1
696,5,1
696,133,0
696,67,0
697,45,1
697,93,1
697,8,1
697,27,1
697,5,1
697,12,0
697,0,0
697,13,0
697,1,0
698,10,1
698,0,1
698,23,1
698,5,1
698,6,1
698,2,1
698,25,1
698,4,1
698,26,1
698,1,1
698,13,0
699,17,1
699,23,1
699,13,1
699,6,1
699,10,0
699,4,0
699,30,0
699,52,0
699,32,0
700,4,1
700,0,1
700,1,1
700,8,1
700,49,1
700,5,1
700,23,0
700,25,0
701,23,1
701,25,1
701,2,0
701,10,0
701,8,0
702,48,1
702,40,1
702,0,1
702,8,1
702,6,1
702,1,1
702,16,1
702,5,1
702,67,0
702,23,0
703,23,1
703,11,1
703,4,1
703,25,0
703,55,0
704,0,1
704,23,1
704,6,1
704,2,1
704,9,1
704,4,1
704,1,1
704,16,1
704,5,1
704,48,0
704,25,0
704,46,0
705,0,1
705,23,1
705,32,1
705,2,1
705,53,1
705,4,1
705,46,1
705,64,0
706,0,1
706,23,1
706,8,1
706,5,1
706,6,1
706,25,1
706,93,1
706,32,1
707,0,1
707,8,1
707,38,1
707,2,1
707,1,1
707,7,0
707,4,0
707,16,0
708,0,1
708,6,1
708,48,1
708,23,1
708,5,1
708,8,1
708,11,1
708,1,1
708,67,1
708,53,0
709,48,1
709,23,1
709,8,1
709,6,1
709,2,1
709,4,1
709,1,1
709,16,1
709,32,1
709,5,1
710,48,1
710,23,1
710,49,1
710,2,1
710,4,1
710,46,1
710,59,0
710,25,0
710,1,0
710,5,0
711,12,1
711,23,1
711,8,1
711,16,1
711,6,1
711,42,1
711,25,1
711,9,1
711,4,1
711,1,1
712,23,1
712,8,1
712,53,1
712,4,1
712,1,1
712,5,1
713,0,1
713,13,1
713,6,1
713,35,1
713,2,1
713,42,1
713,25,1
713,4,1
713,107,1
713,12,1
713,8,1
713,62,1
713,70,1
713,103,1
713,95,1
713,5,1
713,48,0
713,53,0
713,1,0
713,46,0
713,16,0
713,64,0
713,55,0
714,23,1
714,8,1
714,30,1
714,53,1
714,54,0
714,25,0
714,32,0
714,5,0
714,55,0
715,0,1
715,23,1
715,8,1
715,1,1
715,32,1
715,49,0
715,55,0
716,40,1
716,0,1
716,6,1
716,2,1
716,4,1
716,5,1
716,25,0
717,23,1
717,8,1
717,38,1
717,2,1
717,107,1
717,46,1
717,16,1
717,32,1
717,5,1
717,0,0
717,6,0
717,1,0
718,31,1
718,0,1
718,23,1
718,5,1
718,38,1
718,2,1
718,4,1
718,1,1
719,6,1
719,4,1
719,1,1
719,5,1
719,48,0
720,5,1
720,8,1
720,1,1
720,46,1
720,67,1
720,25,0
720,23,0
720,55,0
721,23,1
721,13,1
721,42,1
721,25,1
721,39,1
721,2,0
721,12,0
721,8,0
721,11,0
721,1,0
721,5,0
722,23,1
722,49,1
722,59,1
722,53,1
722,4,1
722,1,1
722,61,0
722,5,0
723,31,1
723,12,1
723,23,1
723,52,1
723,16,1
723,6,1
723,62,1
723,2,1
723,42,1
723,25,1
723,4,1
723,26,1
723,46,1
723,5,1
724,0,1
724,23,1
724,8,1
724,4,1
724,1,1
724,46,1
724,86,1
724,38,0
724,25,0
724,49,0
724,6,0
724,5,0
725,49,1
725,13,1
725,35,1
725,25,1
725,108,1
725,55,1
725,37,1
725,23,1
725,32,1
725,64,1
725,10,0
725,4,0
725,56,0
725,103,0
725,89,0
726,23,1
726,8,1
726,5,1
726,6,1
726,25,1
726,4,1
726,34,0
726,1,0
726,46,0
726,16,0
727,10,1
727,0,1
727,23,1
727,2,1
727,25,1
727,4,1
727,1,1
727,46,1
727,5,1
728,25,1
728,32,1
728,23,1
728,56,0
728,78,0
728,52,0
728,13,0
728,84,0
728,53,0
728,4,0
728,103,0
728,1,0
728,46,0
728,16,0
729,23,1
729,5,1
729,27,1
729,2,1
729,25,1
729,32,1
729,55,1
729,7,0
729,0,0
729,30,0
729,16,0
729,69,0
729,6,0
730,17,1
730,40,1
730,0,1
730,23,1
730,5,1
730,8,1
730,16,1
730,6,1
730,93,1
730,38,0
730,25,0
730,1,0
731,0,1
731,23,1
731,30,1
731,8,1
731,4,1
731,1,1
731,32,1
731,5,1
731,25,0
731,72,0
731,55,0
732,0,1
732,49,1
732,2,1
732,4,1
732,107,1
732,48,1
732,23,1
732,8,1
732,109,1
732,1,1
732,46,1
732,16,1
732,32,1
732,5,1
732,67,0
732,131,0
733,2,1
733,23,1
733,8,1
733,11,1
733,52,1
733,46,1
733,16,1
733,5,1
734,23,1
734,2,1
734,1,1
734,60,1
734,5,1
734,0,0
735,0,1
735,49,1
735,16,1
735,6,1
735,22,1
735,2,1
735,25,1
735,4,1
735,55,1
735,12,1
735,37,1
735,23,1
735,8,1
735,52,1
735,62,1
735,29,1
735,1,1
735,32,1
735,5,1
736,23,1
736,8,1
736,30,1
736,5,1
736,4,1
736,26,1
736,1,1
736,60,1
736,73,1
736,32,1
737,23,1
737,8,1
737,16,1
737,6,1
737,2,1
737,5,1
737,55,1
737,25,0
737,40,0
737,93,0
738,48,1
738,10,1
738,0,1
738,5,1
738,8,1
738,68,1
738,6,1
738,2,1
738,1,1
739,23,1
739,8,1
739,1,1
739,5,1
739,93,0
740,17,1
740,0,1
740,23,1
740,8,1
740,13,1
740,25,1
740,65,1
740,1,1
740,32,1
740,5,1
741,31,1
741,23,1
741,5,1
741,8,1
741,25,1
741,72,1
741,16,1
741,1,0
742,0,1
742,6,1
742,34,1
742,25,1
742,4,1
742,55,1
742,48,1
742,23,1
742,8,1
742,11,1
742,1,1
742,16,1
742,5,1
742,88,0
742,105,0
742,49,0
742,72,0
742,13,0
743,6,1
743,59,1
743,4,1
743,48,1
743,56,1
743,23,1
743,8,1
743,1,1
743,5,1
743,13,0
744,17,1
744,11,0
744,59,0
744,53,0
744,41,0
744,64,0
745,40,1
745,8,1
745,52,1
745,42,1
745,1,1
745,32,1
745,5,1
745,16,0
745,6,0
746,54,1
746,120,1
746,23,1
746,30,1
746,2,1
746,25,1
746,32,1
746,55,1
747,48,1
747,1,1
747,5,1
747,56,0
747,49,0
747,13,0
748,8,1
748,16,1
748,13,1
748,6,1
748,38,1
748,25,0
748,0,0
748,23,0
748,1,0
748,49,0
748,73,0
748,52,0
748,5,0
748,55,0
749,10,1
749,0,1
749,23,1
749,22,1
749,38,1
749,4,1
749,93,1
749,5,1
750,61,1
750,23,1
750,8,1
750,27,1
750,6,1
750,1,1
750,36,1
750,32,1
750,5,1
750,55,1
750,0,0
750,104,0
750,2,0
750,25,0
751,10,1
751,5,1
751,6,1
751,59,1
751,16,1
751,32,1
751,1,0
752,12,1
752,23,1
752,67,1
752,2,1
752,44,1
752,1,1
752,64,1
752,5,1
753,48,1
753,106,1
753,23,1
753,8,1
753,20,1
753,62,1
753,2,1
753,4,1
753,1,1
753,5,1
754,17,1
754,23,1
754,20,1
754,109,1
754,13,1
754,22,1
754,2,1
754,4,1
754,74,1
754,26,1
754,103,1
754,65,1
754,1,1
754,46,1
754,16,1
754,8,0
754,55,0
754,25,0
755,12,1
755,23,1
755,6,1
755,42,1
755,1,1
755,16,1
755,5,1
755,97,0
756,0,1
756,23,1
756,8,1
756,52,1
756,6,1
756,62,1
756,4,1
756,1,1
756,46,1
756,60,1
756,16,1
756,5,1
756,68,0
756,67,0
756,131,0
757,23,1
757,8,1
757,2,1
757,1,1
757,5,1
757,94,0
758,12,1
758,40,1
758,0,1
758,104,1
758,52,1
758,27,1
758,13,1
758,6,1
758,16,1
758,38,1
758,53,1
758,1,1
758,46,1
758,45,1
758,5,1
758,64,1
759,8,1
759,59,1
759,25,1
759,4,1
759,1,1
759,46,1
759,16,1
760,0,1
760,23,1
760,8,1
760,11,1
760,42,1
760,25,1
760,4,1
760,107,1
760,16,1
760,5,1
761,10,1
761,23,1
761,8,1
761,20,1
761,38,1
761,2,1
761,53,1
761,4,1
761,1,1
761,46,1
761,5,1
762,6,1
762,35,1
762,25,1
762,55,1
762,23,1
762,8,1
762,1,1
762,5,1
763,0,1
763,22,1
763,4,1
763,40,1
763,8,1
763,38,1
763,16,1
763,5,1
764,5,1
764,8,1
764,6,1
764,25,1
764,29,1
764,16,1
764,48,0
764,2,0
764,1,0
765,0,1
765,23,1
765,8,1
765,52,1
765,6,1
765,2,1
765,25,1
765,107,1
765,4,1
765,16,1
765,5,1
765,55,1
765,34,0
765,1,0
766,0,1
766,104,1
766,23,1
766,91,1
766,4,1
766,1,1
766,32,1
766,5,1
766,48,0
766,40,0
766,6,0
767,23,1
767,27,1
767,6,1
767,70,1
767,4,1
767,46,1
767,73,1
767,5,1
767,48,0
767,2,0
767,25,0
767,1,0
768,0,0
768,59,0
768,2,0
768,38,0
768,46,0
768,5,0
769,0,1
769,23,1
769,8,1
769,5,1
769,27,1
769,62,1
769,2,1
769,107,1
770,31,1
770,48,1
770,37,1
770,0,1
770,23,1
770,8,1
770,2,1
770,9,1
770,4,1
770,44,1
770,1,1
770,46,1
770,32,1
770,5,1
771,23,1
771,5,1
771,49,1
771,13,1
771,59,1
771,25,1
771,53,1
771,1,1
771,39,1
771,55,1
772,17,1
772,0,1
772,23,1
772,8,1
772,1,1
772,46,1
772,5,1
772,42,0
772,25,0
773,22,1
773,23,1
773,6,1
773,25,0
774,0,1
774,23,1
774,8,1
774,5,1
774,2,1
774,1,1
774,16,1
774,52,0
775,0,1
775,104,1
775,23,1
775,13,1
775,25,1
775,4,1
775,93,1
775,1,1
775,5,1
775,55,1
775,46,0
776,48,1
776,23,1
776,8,1
776,6,1
776,1,1
776,46,1
776,107,0
777,37,1
777,0,1
777,8,1
777,67,1
777,1,1
777,5,1
777,88,0
777,40,0
777,13,0
777,131,0
778,0,1
778,23,1
778,49,1
778,2,1
778,4,1
778,46,0
778,72,0
778,25,0
778,55,0
779,22,0
779,48,0
779,8,0
779,1,0
779,5,0
780,0,1
780,23,1
780,8,1
780,5,1
780,96,1
780,6,1
780,38,1
780,112,1
780,25,1
780,4,1
780,107,1
780,55,1
780,48,0
780,41,0
780,1,0
780,46,0
781,0,1
781,23,1
781,6,1
781,35,1
781,2,1
781,4,1
781,9,1
781,1,1
781,46,1
781,5,1
781,25,0
782,0,1
782,8,1
782,6,1
782,1,1
782,5,1
782,25,0
782,40,0
783,37,1
783,0,1
783,23,1
783,5,1
783,38,1
783,4,1
783,1,1
784,56,1
784,11,1
784,13,1
784,4,1
784,9,1
784,103,1
784,1,1
784,46,1
784,5,1
785,48,1
785,37,1
785,23,1
785,49,1
785,67,1
785,1,1
785,16,1
785,5,1
786,23,1
786,8,1
786,22,1
786,1,1
786,5,1
786,48,0
786,25,0
787,30,1
787,6,1
787,4,1
787,40,1
787,23,1
787,8,1
787,38,1
787,1,1
787,16,1
787,32,1
787,5,1
788,0,1
788,23,1
788,104,1
788,5,1
788,30,1
788,91,1
788,6,1
788,35,1
788,2,1
788,32,1
788,27,0
788,10,0
788,45,0
789,23,1
789,13,1
789,4,1
789,1,1
789,60,1
789,5,0
790,23,1
790,11,1
790,93,1
790,16,0
790,1,0
790,5,0
791,12,1
791,48,1
791,40,1
791,8,1
791,27,1
791,52,1
791,6,1
791,35,1
791,1,1
791,45,1
791,5,1
792,11,1
792,2,1
792,5,1
792,23,0
792,1,0
792,46,0
793,40,1
793,0,1
793,23,1
793,5,1
793,11,1
793,6,1
793,4,1
793,26,1
793,1,1
794,8,1
794,20,1
794,52,1
794,6,1
794,2,1
794,9,1
794,4,1
794,1,1
794,46,1
794,5,0
794,55,0
794,25,0
795,23,1
795,20,1
795,11,1
795,25,1
795,4,1
795,1,1
795,5,1
795,38,0
795,48,0
795,0,0
795,46,0
796,5,1
796,6,1
796,38,1
796,25,1
796,4,1
796,103,1
796,1,1
796,16,1
796,37,0
796,23,0
796,8,0
796,13,0
797,48,1
797,12,1
797,0,1
797,8,1
797,25,1
797,4,1
797,1,1
797,5,1
797,55,1
797,109,0
797,100,0
797,23,0
797,62,0
798,0,1
798,23,1
798,20,1
798,4,1
798,1,1
798,60,1
798,5,1
798,10,0
799,23,1
799,35,1
799,25,1
799,1,1
799,46,1
799,5,1
799,55,1
799,72,0
800,28,1
800,23,1
800,8,1
800,11,1
800,25,1
800,4,1
800,1,1
800,46,1
800,13,0
800,48,0
800,5,0
800,16,0
801,12,1
801,0,1
801,23,1
801,8,1
801,52,1
801,13,1
801,6,1
801,59,1
801,2,1
801,25,1
801,4,1
801,1,1
801,16,1
801,5,1
801,46,0
802,109,1
802,100,0
802,4,0
802,1,0
802,46,0
802,60,0
802,64,0
803,23,1
803,8,1
803,20,1
803,2,1
803,25,1
803,1,1
803,46,1
803,16,1
803,5,1
804,0,1
804,23,1
804,2,1
804,25,1
804,1,1
804,5,1
804,55,1
804,31,0
805,0,1
805,49,1
805,13,1
805,88,1
805,103,1
806,52,1
806,16,1
806,2,1
806,5,1
806,27,0
806,0,0
806,104,0
807,29,1
807,23,1
807,1,1
807,8,1
807,6,1
807,5,1
807,40,0
807,49,0
807,25,0
807,55,0
808,23,1
808,8,1
808,30,1
808,34,1
808,25,1
808,4,1
808,1,1
808,46,1
808,60,1
808,16,1
808,5,1
808,55,0
808,49,0
809,23,1
809,8,1
809,2,1
809,42,1
809,53,1
809,1,1
809,46,1
809,16,0
809,93,0
809,5,0
810,23,1
810,5,1
810,2,1
810,25,1
810,46,1
810,16,1
810,4,0
811,0,1
811,6,1
811,59,1
811,2,1
811,25,1
811,4,1
811,10,1
811,12,1
811,61,1
811,23,1
811,8,1
811,38,1
811,1,1
811,16,1
811,5,1
811,37,0
811,53,0
811,26,0
812,0,1
812,5,1
812,22,1
812,2,1
812,38,1
812,4,1
812,16,1
812,59,0
812,103,0
812,67,0
812,1,0
813,67,1
813,40,1
813,8,1
813,1,1
813,5,1
814,31,1
814,48,1
814,106,1
814,37,1
814,23,1
814,8,1
814,52,1
814,6,1
814,2,1
814,25,1
814,4,1
814,1,1
814,16,1
814,5,1
815,12,1
815,0,1
815,23,1
815,131,1
815,4,1
815,1,1
815,72,1
815,32,1
815,25,0
815,46,0
815,67,0
816,0,1
816,23,1
816,5,1
816,8,1
816,34,1
816,25,1
816,1,1
816,99,0
816,67,0
816,131,0
817,12,1
817,0,1
817,23,1
817,6,1
817,14,1
817,1,1
817,55,0
817,25,0
818,31,1
818,48,1
818,0,1
818,23,1
818,2,1
818,1,1
818,49,0
819,12,1
819,37,1
819,16,1
819,13,1
819,2,1
819,97,1
819,5,1
819,95,0
820,23,1
820,2,1
820,25,0
820,107,0
820,8,0
820,49,0
820,64,0
820,55,0
821,12,1
821,8,1
821,20,1
821,2,1
821,4,1
821,53,1
821,1,1
821,46,1
821,5,1
821,59,0
821,31,0
822,0,1
822,6,1
822,25,1
822,23,1
822,5,1
823,137,1
823,12,1
823,0,1
823,20,1
823,18,1
823,4,1
823,113,1
823,5,1
823,55,1
823,1,0
823,67,0
823,46,0
823,66,0
824,40,1
824,13,1
824,6,1
824,131,1
824,5,1
824,88,0
824,1,0
824,8,0
824,49,0
825,25,1
825,4,1
825,55,1
825,23,1
825,8,1
825,13,0
826,71,1
826,23,1
826,50,1
826,25,1
826,68,1
826,1,0
826,35,0
827,0,1
827,23,1
827,20,1
827,52,1
827,13,1
827,2,1
827,25,1
827,4,1
827,1,1
827,16,1
827,95,0
828,28,1
828,0,1
828,8,1
828,10,0
828,17,0
828,1,0
828,46,0
828,67,0
829,10,1
829,23,1
829,20,1
829,49,1
829,42,1
829,4,1
829,93,1
829,1,1
829,16,1
829,5,1
830,132,1
830,23,1
830,109,1
830,6,1
830,2,1
830,4,1
830,46,1
830,5,1
830,1,0
831,37,1
831,0,1
831,23,1
831,2,1
831,4,1
831,1,1
831,5,1
831,64,0
832,12,1
832,8,1
832,4,1
832,1,1
832,5,1
832,46,0
833,40,1
833,0,1
833,23,1
833,5,1
833,38,1
833,4,1
833,1,1
833,35,0
834,0,1
834,30,1
834,6,1
834,34,1
834,4,1
834,45,1
834,1,1
834,46,1
834,16,1
834,32,1
834,5,1
834,27,0
834,93,0
834,90,0
835,23,1
835,52,1
835,2,1
835,46,1
835,16,1
835,5,1
835,49,0
835,4,0
835,53,0
836,0,1
836,23,1
836,8,1
836,107,1
836,117,1
836,1,1
836,46,1
836,5,1
837,23,1
837,2,1
837,49,0
838,23,1
838,5,1
838,13,1
838,6,1
838,25,1
838,48,0
838,10,0
838,16,0
838,52,0
838,1,0
839,23,1
839,2,1
839,9,1
839,4,1
839,5,1
839,1,0
839,46,0
839,27,0
840,40,1
840,0,1
840,23,1
840,8,1
840,4,1
840,26,1
840,5,1
841,6,1
841,2,1
841,25,1
841,4,1
841,17,1
841,23,1
841,52,1
841,16,1
841,32,1
841,5,1
842,23,1
842,8,1
842,75,1
842,6,1
842,35,1
842,53,1
842,5,0
842,1,0
843,49,1
843,50,1
843,53,1
843,10,0
843,101,0
843,46,0
844,48,1
844,5,1
844,13,1
844,6,1
844,4,1
844,1,1
844,25,0
845,40,1
845,0,1
845,23,1
845,8,1
845,11,1
845,27,1
845,16,1
845,5,1
845,48,0
845,1,0
845,67,0
846,23,1
846,52,1
846,6,1
846,22,1
846,2,1
846,38,1
846,25,1
846,4,1
846,9,1
846,1,1
846,60,1
846,16,1
846,5,1
846,13,0
847,25,1
847,23,1
847,8,1
847,1,1
847,16,1
847,5,1
848,23,1
848,5,1
848,8,1
848,1,1
848,60,1
848,61,0
848,11,0
848,27,0
849,31,1
849,37,1
849,23,1
849,8,1
849,2,1
849,1,1
849,46,1
849,5,1
849,6,0
850,40,1
850,5,1
850,6,1
850,25,1
850,93,1
850,1,1
850,36,1
850,67,1
851,0,1
851,106,1
851,23,1
851,5,1
852,0,1
852,84,1
852,25,1
852,4,1
852,26,1
852,39,1
852,23,1
852,38,1
852,46,1
852,88,0
852,17,0
852,51,0
852,13,0
852,67,0
852,127,0
853,0,1
853,23,1
853,49,1
853,60,1
853,1,0
854,2,1
854,25,1
854,23,1
854,62,1
854,1,1
854,5,1
855,8,1
855,5,1
855,23,0
855,2,0
855,25,0
855,4,0
855,1,0
856,0,1
856,20,1
856,4,1
856,1,1
856,5,1
856,25,0
856,23,0
856,60,0
857,48,1
857,12,1
857,40,1
857,23,1
857,5,1
857,11,1
857,16,1
857,6,1
857,1,1
858,12,1
858,23,1
858,20,1
858,4,1
858,5,1
858,55,1
859,106,1
859,23,1
859,5,1
859,6,1
859,1,1
859,60,1
860,0,1
860,96,1
860,84,1
860,6,1
860,38,1
860,4,1
860,25,0
861,23,1
861,2,1
861,25,1
861,1,1
861,5,1
861,55,1
861,36,0
862,0,1
862,16,1
862,35,1
862,2,1
862,4,1
862,99,1
862,48,1
862,12,1
862,10,1
862,40,1
862,51,1
862,8,1
862,125,1
862,1,1
862,36,1
862,45,1
862,5,1
862,88,0
862,61,0
862,32,0
862,55,0
862,131,0
863,0,1
863,22,1
863,38,1
863,9,1
863,4,1
863,1,1
863,55,1
864,23,1
864,52,1
864,84,1
864,35,1
864,22,1
864,2,1
864,4,1
864,1,1
864,46,1
864,5,1
864,0,0
865,0,1
865,30,1
865,20,1
865,2,1
865,4,1
865,1,1
865,5,1
865,38,0
866,121,1
866,10,1
866,5,1
866,20,1
866,13,1
866,4,1
866,1,1
866,40,0
866,23,0
867,13,1
867,55,1
867,23,0
867,25,0
867,1,0
868,2,1
868,12,1
868,23,1
868,1,1
868,62,1
868,138,0
868,64,0
869,10,1
869,0,1
869,23,1
869,5,1
870,0,1
870,20,1
870,2,1
870,4,1
870,1,1
870,32,1
870,5,1
870,61,0
870,23,0
870,46,0
870,49,0
870,60,0
871,0,1
871,6,1
871,35,1
871,25,1
871,40,1
871,23,1
871,8,1
871,52,1
871,5,1
871,93,0
872,28,1
872,0,1
872,23,1
872,5,1
872,25,1
872,1,1
872,16,1
873,23,1
873,5,1
873,20,1
873,35,1
873,4,1
873,1,0
873,46,0
874,38,1
874,2,1
874,4,1
874,0,1
874,23,1
874,1,1
874,13,0
874,103,0
874,114,0
875,5,1
875,23,1
875,93,0
875,1,0
875,46,0
876,0,1
876,104,1
876,23,1
876,5,1
876,52,1
876,16,1
876,38,1
876,2,1
876,25,1
876,4,1
876,1,1
876,46,1
876,60,1
876,67,1
876,55,1
877,23,1
877,8,1
877,62,1
877,1,1
877,16,1
877,5,1
877,107,0
878,1,1
878,46,1
878,16,1
878,5,1
878,48,0
878,8,0
879,17,1
879,8,1
879,27,1
879,6,1
879,5,1
879,25,0
879,4,0
879,1,0
879,46,0
879,55,0
880,10,1
880,23,1
880,89,1
880,62,1
880,22,1
880,25,1
880,4,1
880,55,1
880,38,0
881,37,1
881,23,1
881,6,1
881,35,1
881,25,1
881,32,1
881,5,1
881,38,0
881,76,0
881,0,0
881,65,0
881,49,0
881,52,0
882,23,1
882,5,1
882,8,1
882,6,1
882,4,1
882,107,1
882,32,1
882,25,0
882,40,0
883,0,1
883,8,1
883,52,1
883,6,1
883,2,1
883,25,1
883,4,1
883,1,1
883,46,1
883,16,1
883,107,0
883,104,0
883,18,0
883,91,0
884,49,1
884,6,1
884,25,1
884,4,1
884,1,1
884,5,1
885,23,1
885,25,1
885,26,1
885,1,1
885,5,1
885,55,1
885,4,0
885,20,0
886,0,1
886,23,1
886,109,1
886,5,1
886,40,0
886,6,0
886,1,0
886,60,0
887,89,1
887,23,1
887,13,1
887,4,1
887,1,1
887,5,1
887,10,0
887,93,0
888,23,1
888,6,1
888,0,0
888,38,0
888,2,0
888,4,0
888,1,0
889,20,1
889,6,1
889,25,1
889,1,1
889,16,0
889,64,0
890,0,1
890,22,1
890,2,1
890,25,1
890,4,1
890,65,1
890,55,1
890,23,1
890,8,1
890,46,1
890,5,1
891,0,1
891,106,1
891,23,1
891,8,1
891,6,1
891,26,1
891,107,1
891,32,1
891,70,0
891,25,0
891,27,0
891,5,0
891,55,0
892,0,1
892,5,1
892,20,1
892,38,1
892,4,1
892,25,0
892,37,0
892,23,0
892,1,0
892,64,0
892,68,0
893,2,1
893,25,1
893,4,1
893,40,1
893,23,1
893,5,1
893,93,1
893,1,1
893,64,1
894,0,1
894,23,1
894,104,1
894,35,1
894,38,1
894,34,1
894,4,1
894,46,1
894,22,0
894,58,0
894,36,0
894,6,0
894,5,0
895,0,1
895,23,1
895,49,1
895,8,1
895,53,1
895,5,1
895,13,0
896,0,1
896,23,1
896,52,1
896,6,1
896,4,1
896,139,1
896,1,1
896,46,1
896,32,1
896,25,0
897,0,1
897,23,1
897,1,1
897,105,1
897,32,1
897,5,1
897,46,0
898,37,1
898,23,1
898,1,1
898,8,0
899,48,1
899,0,1
899,23,1
899,5,1
899,11,1
899,52,1
899,16,1
899,25,1
899,1,1
899,94,1
900,12,1
900,23,1
900,8,1
900,30,1
900,5,1
900,55,1
900,32,1
901,0,1
901,104,1
901,8,1
901,2,1
901,5,1
901,56,0
901,13,0
901,35,0
901,88,0
901,1,0
901,46,0
901,16,0
901,95,0
902,2,1
902,4,1
902,16,1
902,6,1
902,5,1
902,35,1
902,25,0
902,1,0
902,46,0
903,37,1
903,8,1
903,20,1
903,52,1
903,16,1
903,6,1
903,22,1
903,2,1
903,25,1
903,4,1
904,8,1
904,0,0
904,23,0
904,2,0
904,4,0
904,107,0
904,1,0
904,46,0
904,5,0
905,30,1
905,20,1
905,2,1
905,34,1
905,25,1
905,4,1
905,23,1
905,8,1
905,18,1
905,27,1
905,16,1
905,32,1
905,5,1
905,46,0
906,23,1
906,8,1
906,52,1
906,2,1
906,25,1
906,46,1
906,16,1
906,32,1
906,5,1
906,44,0
907,20,1
907,6,1
907,2,1
907,4,1
907,1,1
907,5,1
907,48,0
907,37,0
908,106,1
908,23,1
908,8,1
908,5,1
908,27,1
908,13,1
908,2,1
908,25,1
908,4,1
908,26,1
908,1,1
909,16,1
909,2,1
909,4,1
909,1,1
909,88,0
909,5,0
909,13,0
910,0,1
910,25,1
910,4,1
910,26,1
910,23,1
910,5,1
911,128,1
911,37,1
911,0,1
911,23,1
911,6,1
911,35,1
911,25,1
911,1,1
911,5,1
911,55,1
911,72,0
912,13,1
912,35,1
912,25,0
912,23,0
912,1,0
912,5,0
912,55,0
913,0,1
913,23,1
913,8,1
913,22,1
913,4,1
913,107,1
913,1,1
914,0,1
914,23,1
914,2,1
914,4,1
914,1,1
914,46,1
914,32,1
914,5,1
915,12,1
915,0,1
915,23,1
915,8,1
915,59,1
915,2,1
915,1,1
915,46,1
915,97,1
915,16,1
915,72,0
915,25,0
915,5,0
915,55,0
916,37,1
916,0,1
916,5,1
916,8,1
916,6,1
916,38,1
916,2,1
916,4,1
916,1,1
916,53,0
917,0,1
917,23,1
917,8,1
917,13,1
917,88,1
917,4,1
917,117,1
917,5,1
918,48,1
918,61,1
918,40,1
918,37,1
918,49,1
918,27,1
918,25,1
918,1,1
918,46,1
918,16,1
918,5,1
919,0,1
919,23,1
919,5,1
919,8,1
919,84,1
919,2,1
919,25,1
919,4,1
919,26,1
919,55,1
920,40,1
920,16,1
920,6,1
920,4,1
920,5,1
920,25,0
920,55,0
920,37,0
920,23,0
920,1,0
921,25,1
921,23,1
921,53,1
921,5,1
922,0,1
922,2,1
922,4,1
922,31,1
922,23,1
922,8,1
922,1,1
922,46,1
922,5,1
923,0,1
923,106,1
923,4,1
923,23,1
923,5,1
923,8,1
923,62,1
923,1,1
924,23,1
924,52,1
924,6,1
924,4,1
924,5,1
924,25,0
924,40,0
924,46,0
925,23,1
925,6,1
925,4,1
925,1,1
925,46,1
925,16,1
925,5,1
925,55,1
926,0,1
926,49,1
926,2,1
926,25,1
926,4,1
926,23,1
926,8,1
926,81,1
926,5,1
926,48,0
926,37,0
926,1,0
926,46,0
926,11,0
927,48,1
927,106,1
927,0,1
927,23,1
927,59,1
927,25,1
927,53,1
927,1,1
927,11,0
927,67,0
927,55,0
928,23,1
928,8,1
928,6,1
928,5,1
928,65,0
929,106,1
929,23,1
929,8,1
929,62,1
929,2,1
929,1,1
929,68,1
929,25,0
929,46,0
929,64,0
930,23,1
930,8,1
930,25,1
930,4,1
930,1,1
930,5,1
930,11,0
931,12,1
931,40,1
931,0,1
931,8,1
931,18,1
931,6,1
931,22,1
931,2,1
931,38,1
931,9,1
931,4,1
931,1,1
931,16,1
931,5,1
932,28,1
932,5,1
932,23,1
932,8,1
932,67,1
932,1,1
932,49,0
933,40,1
933,0,1
933,8,1
933,49,1
933,4,1
933,73,1
933,5,1
933,46,0
934,0,1
934,37,1
934,23,1
934,109,1
934,6,1
934,5,1
935,8,1
935,30,1
935,6,1
935,1,1
935,16,1
935,5,1
935,107,0
935,34,0
935,40,0
936,23,1
936,8,1
936,2,1
936,42,1
936,1,1
936,16,1
936,5,1
937,61,1
937,8,1
937,25,1
937,16,1
937,5,1
937,42,0
937,13,0
938,0,1
938,30,1
938,18,1
938,13,1
938,38,1
938,2,1
938,103,1
938,1,1
938,46,1
938,16,1
938,53,0
938,32,0
939,0,1
939,5,1
939,93,0
939,32,0
940,38,1
940,4,1
940,0,1
940,1,1
940,49,1
940,6,1
940,25,0
940,26,0
940,5,0
941,0,1
941,23,1
941,6,1
941,2,1
941,1,1
941,16,1
941,5,1
941,70,0
941,62,0
942,23,1
942,8,1
942,25,1
942,53,1
942,65,1
942,1,1
942,5,1
943,0,1
943,23,1
943,5,1
943,8,1
943,2,1
943,25,1
943,1,1
943,46,1
943,60,1
944,23,1
944,5,1
944,20,1
944,16,1
944,62,1
944,4,1
945,71,1
945,8,1
945,49,1
945,53,1
945,117,1
945,88,0
945,103,0
945,114,0
945,73,0
946,12,1
946,0,1
946,23,1
946,8,1
946,30,1
946,1,1
946,5,0
947,23,1
947,5,1
947,32,1
947,55,1
947,25,0
947,4,0
947,0,0
947,1,0
947,114,0
947,73,0
947,27,0
947,68,0
948,23,1
948,30,1
948,2,1
948,0,0
948,8,0
948,6,0
948,38,0
948,135,0
948,1,0
948,5,0
949,48,0
949,0,0
949,23,0
949,25,0
949,1,0
950,5,1
950,59,0
950,4,0
950,0,0
950,23,0
950,1,0
950,6,0
951,0,1
951,23,1
951,8,1
951,6,1
951,38,1
951,4,1
951,1,1
951,25,0
951,17,0
952,23,1
952,8,1
952,67,1
952,5,1
952,4,1
952,26,1
952,1,1
952,46,1
952,72,0
952,55,0
952,25,0
953,25,1
953,37,1
953,8,1
953,5,1
953,55,1
953,23,0
953,1,0
954,0,1
954,8,1
954,49,1
954,1,1
954,60,1
954,16,1
954,5,1
954,23,0
954,62,0
955,2,1
955,23,1
955,5,1
955,8,1
955,52,1
955,16,1
955,6,1
955,42,0
955,25,0
955,40,0
955,55,0
956,0,1
956,23,1
956,8,1
956,30,1
956,1,1
956,5,1
956,25,0
956,55,0
957,37,1
957,23,1
957,2,1
957,4,1
957,1,1
957,95,0
957,25,0
957,72,0
957,16,0
958,23,1
958,5,1
958,8,1
958,6,1
958,25,1
958,4,1
958,1,1
958,55,1
958,101,0
959,23,1
959,8,1
959,20,1
959,1,1
959,55,0
960,61,1
960,0,1
960,8,1
960,16,1
960,1,1
960,5,1
961,8,1
961,16,1
961,34,1
961,53,1
961,5,1
961,42,0
