old_idx,new_idx
196,0
186,1
22,2
244,3
166,4
298,5
115,6
253,7
305,8
6,9
62,10
286,11
200,12
210,13
224,14
303,15
122,16
194,17
291,18
234,19
119,20
167,21
299,22
308,23
95,24
38,25
102,26
63,27
160,28
301,29
225,30
290,31
97,32
157,33
181,34
278,35
276,36
7,37
10,38
284,39
201,40
287,41
246,42
242,43
249,44
99,45
178,46
251,47
81,48
260,49
25,50
59,51
72,52
87,53
42,54
292,55
20,56
13,57
138,58
60,59
57,60
223,61
189,62
243,63
92,64
241,65
254,66
293,67
127,68
222,69
267,70
11,71
8,72
162,73
279,74
145,75
28,76
135,77
32,78
90,79
216,80
250,81
271,82
265,83
198,84
168,85
110,86
58,87
237,88
94,89
128,90
44,91
264,92
41,93
82,94
262,95
174,96
43,97
84,98
269,99
259,100
85,101
213,102
121,103
49,104
155,105
68,106
172,107
19,108
268,109
5,110
80,111
66,112
18,113
26,114
130,115
256,116
1,117
56,118
15,119
207,120
232,121
52,122
161,123
148,124
125,125
83,126
272,127
151,128
54,129
16,130
91,131
294,132
229,133
36,134
70,135
14,136
295,137
233,138
214,139
192,140
100,141
307,142
297,143
193,144
113,145
275,146
219,147
218,148
123,149
158,150
302,151
23,152
296,153
33,154
154,155
77,156
270,157
187,158
170,159
101,160
184,161
112,162
133,163
215,164
69,165
104,166
240,167
144,168
191,169
61,170
142,171
177,172
203,173
21,174
197,175
134,176
180,177
236,178
263,179
109,180
64,181
114,182
239,183
117,184
65,185
137,186
257,187
111,188
285,189
96,190
116,191
73,192
221,193
235,194
164,195
281,196
182,197
129,198
45,199
131,200
126,201
231,202
280,203
288,204
152,205
217,206
79,207
75,208
230,209
245,210
282,211
78,212
118,213
283,214
171,215
107,216
226,217
306,218
173,219
185,220
150,221
274,222
188,223
48,224
311,225
165,226
208,227
2,228
205,229
248,230
93,231
159,232
146,233
29,234
156,235
37,236
141,237
195,238
108,239
47,240
255,241
89,242
140,243
190,244
24,245
17,246
313,247
53,248
124,249
149,250
176,251
106,252
312,253
175,254
153,255
220,256
143,257
199,258
202,259
277,260
206,261
76,262
314,263
136,264
179,265
4,266
304,267
3,268
227,269
252,270
212,271
310,272
35,273
147,274
105,275
34,276
71,277
51,278
204,279
315,280
31,281
316,282
103,283
318,284
30,285
120,286
46,287
289,288
50,289
209,290
261,291
88,292
9,293
247,294
321,295
266,296
74,297
238,298
319,299
323,300
67,301
211,302
98,303
12,304
40,305
258,306
228,307
325,308
320,309
326,310
327,311
183,312
328,313
322,314
330,315
27,316
331,317
332,318
329,319
86,320
300,321
163,322
333,323
334,324
39,325
324,326
132,327
336,328
335,329
169,330
338,331
339,332
309,333
342,334
340,335
317,336
343,337
344,338
345,339
346,340
347,341
273,342
55,343
349,344
348,345
354,346
341,347
351,348
358,349
352,350
360,351
363,352
355,353
362,354
357,355
356,356
361,357
365,358
350,359
367,360
368,361
371,362
373,363
370,364
374,365
372,366
337,367
378,368
366,369
377,370
375,371
359,372
379,373
380,374
381,375
385,376
139,377
382,378
387,379
364,380
369,381
388,382
386,383
389,384
383,385
390,386
393,387
392,388
376,389
394,390
391,391
398,392
397,393
399,394
396,395
401,396
402,397
384,398
395,399
353,400
403,401
405,402
400,403
406,404
407,405
409,406
404,407
413,408
416,409
408,410
410,411
411,412
417,413
412,414
420,415
422,416
425,417
419,418
415,419
423,420
429,421
428,422
427,423
418,424
424,425
432,426
421,427
435,428
433,429
426,430
436,431
430,432
434,433
437,434
438,435
431,436
442,437
440,438
445,439
447,440
449,441
450,442
446,443
439,444
451,445
452,446
454,447
453,448
414,449
455,450
444,451
448,452
457,453
456,454
458,455
462,456
459,457
460,458
461,459
467,460
468,461
466,462
472,463
465,464
463,465
471,466
474,467
469,468
464,469
476,470
478,471
473,472
470,473
480,474
441,475
479,476
484,477
486,478
487,479
482,480
481,481
492,482
493,483
490,484
489,485
483,486
496,487
494,488
495,489
477,490
497,491
488,492
498,493
499,494
491,495
500,496
502,497
503,498
504,499
505,500
506,501
443,502
507,503
514,504
508,505
511,506
515,507
512,508
513,509
475,510
523,511
518,512
509,513
516,514
510,515
524,516
501,517
525,518
521,519
520,520
519,521
528,522
532,523
530,524
531,525
529,526
517,527
527,528
485,529
533,530
535,531
536,532
526,533
537,534
534,535
541,536
538,537
542,538
545,539
539,540
547,541
543,542
548,543
546,544
522,545
551,546
544,547
553,548
552,549
540,550
554,551
550,552
556,553
559,554
560,555
561,556
563,557
566,558
557,559
558,560
564,561
565,562
573,563
549,564
567,565
569,566
562,567
576,568
577,569
579,570
574,571
555,572
572,573
575,574
584,575
588,576
587,577
568,578
586,579
585,580
582,581
591,582
581,583
592,584
580,585
590,586
593,587
583,588
596,589
570,590
599,591
589,592
594,593
597,594
578,595
601,596
602,597
600,598
605,599
603,600
595,601
606,602
608,603
607,604
610,605
611,606
617,607
618,608
614,609
609,610
615,611
616,612
620,613
571,614
619,615
613,616
622,617
621,618
604,619
624,620
612,621
627,622
623,623
628,624
625,625
629,626
633,627
632,628
631,629
634,630
639,631
630,632
642,633
637,634
640,635
626,636
643,637
598,638
638,639
635,640
644,641
636,642
645,643
648,644
647,645
650,646
651,647
654,648
653,649
655,650
649,651
658,652
656,653
660,654
659,655
646,656
663,657
664,658
657,659
665,660
666,661
661,662
662,663
667,664
641,665
668,666
673,667
671,668
669,669
676,670
674,671
652,672
677,673
682,674
679,675
684,676
685,677
683,678
691,679
672,680
692,681
690,682
689,683
686,684
693,685
688,686
697,687
698,688
670,689
694,690
680,691
705,692
701,693
699,694
704,695
707,696
700,697
687,698
695,699
675,700
708,701
709,702
711,703
710,704
712,705
715,706
713,707
716,708
681,709
678,710
719,711
702,712
721,713
714,714
717,715
718,716
696,717
722,718
724,719
727,720
725,721
706,722
720,723
729,724
726,725
728,726
703,727
738,728
736,729
734,730
730,731
743,732
742,733
737,734
733,735
745,736
740,737
735,738
747,739
723,740
739,741
749,742
748,743
746,744
731,745
750,746
741,747
751,748
756,749
757,750
752,751
758,752
732,753
762,754
744,755
754,756
753,757
763,758
764,759
767,760
769,761
755,762
771,763
768,764
773,765
765,766
772,767
766,768
774,769
760,770
761,771
777,772
759,773
776,774
780,775
779,776
778,777
782,778
786,779
784,780
770,781
788,782
789,783
790,784
787,785
783,786
785,787
794,788
781,789
796,790
795,791
793,792
798,793
791,794
802,795
800,796
804,797
803,798
792,799
775,800
799,801
805,802
806,803
807,804
797,805
801,806
809,807
815,808
817,809
821,810
818,811
814,812
812,813
823,814
825,815
827,816
829,817
811,818
830,819
826,820
831,821
819,822
828,823
808,824
835,825
833,826
836,827
816,828
838,829
839,830
840,831
832,832
810,833
844,834
843,835
834,836
846,837
837,838
813,839
842,840
847,841
848,842
822,843
852,844
851,845
849,846
854,847
850,848
858,849
853,850
855,851
824,852
845,853
841,854
859,855
862,856
856,857
820,858
863,859
860,860
857,861
864,862
865,863
868,864
867,865
861,866
870,867
871,868
875,869
876,870
872,871
866,872
877,873
873,874
880,875
878,876
869,877
881,878
879,879
883,880
882,881
884,882
886,883
885,884
889,885
874,886
892,887
890,888
893,889
887,890
891,891
894,892
896,893
897,894
901,895
899,896
903,897
904,898
907,899
905,900
902,901
898,902
895,903
906,904
900,905
908,906
916,907
911,908
912,909
914,910
918,911
919,912
921,913
910,914
913,915
915,916
922,917
923,918
928,919
927,920
924,921
929,922
931,923
917,924
932,925
909,926
934,927
933,928
935,929
938,930
940,931
888,932
925,933
942,934
937,935
926,936
943,937
939,938
936,939
930,940
920,941
941,942
